,title,pubmedId,queryNo,publication_date,doi
0,"Reply to the letter to the Editor ""Reply to 'Man against machine: diagnostic performance of a deep learning convolutional neural network for dermoscopic melanoma recognition in comparison to 58 dermatologists' by H. A. Haenssle et al. "" by L. Oakden-Rayner.",32089167,0,2020-02-25,10.1093/annonc/mdy520
1,Multiphoton microscopy of the dermoepidermal junction and automated identification of dysplastic tissues with deep learning.,32010509,0,2020-02-06,"10.1364/BOE.11.000186
10.1038/nphoton.2012.361
10.1016/S1367-5931(00)00241-6
10.1146/annurev.bioeng.2.1.399
10.1038/nbt894
10.1073/pnas.0832308100
10.1038/nbt899
10.1001/jamadermatol.2015.0453
10.1016/j.ijsu.2017.10.038
10.1002/0471143030.cb0411s59
10.1158/0008-5472.CAN-04-3031
10.1038/srep04636
10.1002/lpor.200910024
10.1038/nprot.2012.009
10.1038/nrm3904
10.1083/jcb.201102147
10.1046/j.1365-2613.2000.00155.x
10.1016/j.sder.2009.06.007
10.1038/sj.jid.5701139
10.1016/j.jid.2016.08.033
10.1155/2014/903589
10.1111/j.1600-0625.2011.01279.x
10.1038/jid.2008.439
10.1117/1.JBO.20.6.066005
10.1186/s12885-016-2520-x
10.1364/BOE.10.001339
10.1038/s41551-019-0362-y
10.1111/1523-1747.ep12598050
10.1117/12.2323441
10.4103/0973-029X.141346
10.1016/S0046-8177(88)80344-7
10.1016/j.cdip.2004.07.008
10.1038/nature14539
10.1038/nature21056
10.1093/annonc/mdy166
10.1056/NEJMra1814259
10.1038/nbt.4233
10.1001/jama.2018.11100
10.1117/1.JBO.23.6.066002
10.1002/jbio.201800435
10.1038/s41598-018-34300-2
10.1038/s41598-017-15257-0
10.1364/OE.14.004727
10.1038/nmeth.2019
10.1145/3065386
10.1117/1.JBO.20.10.105014
10.1364/BOE.2.000071
10.4103/0974-2077.172206
10.1177/1076029616658116
10.1136/bmj.326.7380.88
10.1088/1612-2011/11/5/055601
10.1002/jbio.200710022
10.1146/annurev-bioeng-071811-150108
10.1073/pnas.0708425104
10.1016/0262-8856(92)90024-W
10.1016/0167-4943(91)90011-E
10.1046/j.0022-202x.2001.01337.x
10.1016/j.jdermsci.2006.09.008
10.1046/j.1365-2818.1997.d01-629.x"
2,Skin cancer diagnosis based on optimized convolutional neural network.,31980095,0,2020-01-26,10.1016/j.artmed.2019.101756
3,From Deep Learning Towards Finding Skin Lesion Biomarkers.,31946474,0,2020-01-18,10.1109/EMBC.2019.8857334
4,Topological Tumor Graphs: A Graph-Based Spatial Model to Infer Stromal Recruitment for Immunosuppression in Melanoma Histology.,31874858,0,2019-12-26,10.1158/0008-5472.CAN-19-2268
5,Deep Learning Based on Standard H&E Images of Primary Melanoma Tumors Identifies Patients at Risk for Visceral Recurrence and Death.,31636101,0,2019-10-23,10.1158/1078-0432.CCR-19-1495
6,Systematic review of machine learning for diagnosis and prognosis in dermatology.,31625775,0,2019-10-19,10.1080/09546634.2019.1682500
7,Prediction of BAP1 Expression in Uveal Melanoma Using Densely-Connected Deep Classification Networks.,31623293,0,2019-10-19,"10.3390/cancers11101579
10.3322/caac.21492
10.1002/ijc.20690
10.1001/archopht.126.10.1413
10.1167/iovs.03-0538
10.1016/j.ophtha.2012.02.017
10.1016/j.prp.2019.04.023
10.1016/j.prp.2016.08.003
10.1097/PAT.0b013e32835d0efb
10.1038/modpathol.2014.43
10.1038/modpathol.2013.138
10.1126/science.1194472
10.1167/tvst.8.3.11
10.1016/j.media.2017.07.005
10.1146/annurev-bioeng-071516-044442
10.1038/s41591-019-0508-1
10.1109/TMI.2016.2536809
10.1038/nature21056
10.1016/j.ophtha.2017.02.008
10.4103/2153-3539.186902
10.1038/s41591-018-0177-5
10.1007/s00371-017-1379-4
10.1113/jphysiol.1962.sp006837
10.1113/jphysiol.2006.118976
10.1017/S0952523800009640
10.1113/jphysiol.1978.sp012488
10.1145/1961189.1961199
10.1183/09031936.00010111
10.1158/0008-5472.CAN-17-0122
10.1148/radiol.2016151455
10.1097/01243894-200606000-00006
10.1111/his.13452
10.1183/13993003.00986-2018
10.1002/cjp2.86
10.1109/ACCESS.2019.2918800
10.1038/srep46479"
8,Assessment of Accuracy of an Artificial Intelligence Algorithm to Detect Melanoma in Images of Skin Lesions.,31617929,0,2019-10-17,"10.1001/jamanetworkopen.2019.13436
10.1136/bmj.38516.649537.E0
10.1111/j.1525-1497.2006.00462.x
10.1002/14651858.cd011902.pub2
10.1002/14651858.cd013190
10.1002/14651858.cd013193
10.1002/14651858.cd013186
10.1002/14651858.cd013192
10.1016/S1470-2045(02)00679-4
10.1001/jamadermatol.2013.5517
10.1111/bjd.13665
10.1016/j.jaad.2012.10.045
10.1001/jamadermatol.2013.2382
10.1001/jamadermatol.2013.4334
10.1001/jamadermatol.2013.4337
10.1038/nature21056
10.1093/annonc/mdy166
10.1080/01621459.1988.10478722
10.1177/1536867X1801800110
10.2217/mmt-2016-0022
10.1016/j.bjps.2010.07.006
10.1001/jamadermatol.2015.2681
10.4065/74.11.1179
10.1056/NEJMp1606181"
9,Progressive Transfer Learning and Adversarial Domain Adaptation for Cross-Domain Skin Disease Classification.,31545748,0,2019-09-24,10.1109/JBHI.2019.2942429
10,Superior skin cancer classification by the combination of human and artificial intelligence.,31518967,0,2019-09-14,10.1016/j.ejca.2019.07.019
11,Gabor wavelet-based deep learning for skin lesion classification.,31499395,0,2019-09-10,10.1016/j.compbiomed.2019.103423
12,Assessment of Deep Learning Using Nonimaging Information and Sequential Medical Records to Develop a Prediction Model for Nonmelanoma Skin Cancer.,31483437,0,2019-09-05,"10.1001/jamadermatol.2019.2335
10.5826/dpc.0702a01
10.1111/j.1365-2133.2012.10830.x
10.3322/caac.21492
10.1016/j.jaad.2009.03.031
10.1097/DSS.0000000000000694
10.1016/j.jaad.2013.11.038
10.1016/j.canep.2015.09.005
10.1016/j.jid.2017.03.027
10.1016/j.canlet.2008.01.009
10.1111/phpp.12085
10.1007/s40264-017-0599-x
10.1016/j.jaad.2017.11.042
10.1001/jamadermatol.2013.8890
10.1001/jamadermatol.2016.0939
10.1038/jid.2014.533
10.1016/j.jid.2016.02.008
10.1016/j.jid.2018.03.1528
10.1159/000369790
10.1038/s41598-018-19907-9
10.1136/bmjopen-2015-007825
10.1093/jamia/ocw042
10.1001/jama.2017.18391
10.1038/nature21056
10.1016/j.jid.2018.01.028
10.2196/jmir.9268
10.2196/medinform.7954
10.1111/acem.12876
10.1186/s12911-018-0677-8
10.1109/TMI.2016.2528162
10.1109/JBHI.2017.2767063
10.1093/jamia/ocy068
10.1093/annonc/mdy166
10.1016/j.critrevonc.2017.12.003
10.1016/j.jaad.2017.12.016
10.18632/oncotarget.20034
10.1016/j.jaad.2017.11.050
10.1016/j.ypmed.2014.08.024
10.1016/S0190-9622(86)80341-3
10.1016/S0190-9622(83)70160-X
10.2165/0128071-200910001-00004
10.1007/s004280050327"
13,Risk-Aware Machine Learning Classifier for Skin Lesion Diagnosis.,31426482,0,2019-08-21,"10.3390/jcm8081241
10.1038/nature14539
10.1109/TNNLS.2019.2892409
10.1039/C8AN01495G
10.1109/TMI.2016.2528129
10.1001/jama.2016.17216
10.1038/nature21056
10.1016/j.compmedimag.2007.02.002
10.1016/j.crad.2014.09.017
10.1049/iet-gtd.2015.0014
10.1038/s41598-017-17876-z
10.1109/ACCESS.2019.2899293
10.1097/00004424-199010000-00006
10.2214/AJR.07.3091
10.1053/crad.2000.0592
10.1148/radiol.2453062161
10.1006/ijhc.1999.0252
10.1148/radiol.2383050167
10.2214/ajr.183.5.1831209
10.1016/j.acra.2012.11.007
10.1148/radiol.2401050208
10.1007/s13555-016-0165-y
10.3322/caac.21492
10.1016/j.jaad.2008.06.037
10.1016/j.media.2017.07.005
10.1109/TMI.2019.2918181
10.1109/TMI.2016.2538802
10.1038/sdata.2018.161
10.1016/j.strusafe.2008.06.020
10.1162/neco.1992.4.3.448
10.1021/acs.jcim.9b00297
10.1088/0954-898X_6_3_011
10.1007/s11263-015-0816-y
10.1093/biomet/66.3.605
10.1016/j.ejca.2019.02.005
10.1016/j.ejca.2019.04.001
10.1093/annonc/mdy166
10.1080/01621459.1952.10483441"
14,Systematic outperformance of 112 dermatologists in multiclass skin cancer image classification by convolutional neural networks.,31419752,0,2019-08-17,10.1016/j.ejca.2019.06.013
15,Association Between Surgical Skin Markings in Dermoscopic Images and Diagnostic Performance of a Deep Learning Convolutional Neural Network for Melanoma Recognition.,31411641,0,2019-08-15,"10.1001/jamadermatol.2019.1735
10.1111/jdv.12236
10.3109/07853890.2016.1145795
10.1016/j.jaad.2011.07.019
10.1001/archderm.137.10.1343
10.1111/j.1365-2133.2008.08713
10.1016/S1470-2045(02)00679-4
10.1016/S0190-9622(87)70239-4
10.1001/archderm.1996.03890340038007
10.1001/archderm.134.12.1563
10.1016/j.engappai.2018.04.028
10.1093/annonc/mdy166
10.1038/nature21056
10.1111/bjd.17189
10.1007/s13244-018-0639-9
10.1001/jama.2013.281053
10.1016/j.dsp.2017.10.011
10.1080/10543406.2014.1000548
10.2196/11936
10.1016/j.jaad.2017.08.016
10.1016/j.jid.2018.01.028"
16,Prediction of melanoma evolution in melanocytic nevi via artificial intelligence: A call for prospective data.,31401471,0,2019-08-12,10.1016/j.ejca.2019.07.009
17,Deep neural networks are superior to dermatologists in melanoma image classification.,31401469,0,2019-08-12,10.1016/j.ejca.2019.05.023
18,Region Extraction and Classification of Skin Cancer: A Heterogeneous framework of Deep CNN Features Fusion and Reduction.,31327058,0,2019-07-22,10.1007/s10916-019-1413-3
19,Deep learning outperformed 11 pathologists in the classification of histopathological melanoma images.,31325876,0,2019-07-22,10.1016/j.ejca.2019.06.012
20,Digital hair segmentation using hybrid convolutional and recurrent neural networks architecture.,31319945,0,2019-07-20,10.1016/j.cmpb.2019.05.010
21,Computer algorithms show potential for improving dermatologists' accuracy to diagnose cutaneous melanoma: Results of the International Skin Imaging Collaboration 2017.,31306724,0,2019-07-16,10.1016/j.jaad.2019.07.016
22,Automated identification of malignancy in whole-slide pathological images: identification of eyelid malignant melanoma in gigapixel pathological slides using deep learning.,31302629,0,2019-07-16,10.1136/bjophthalmol-2018-313706
23,The Application of Deep Learning in the Risk Grading of Skin Tumors for Patients Using Clinical Images.,31300897,0,2019-07-14,10.1007/s10916-019-1414-2
24,Skin Lesion Segmentation in Dermoscopic Images with Combination of YOLO and GrabCut Algorithm.,31295856,0,2019-07-13,"10.3390/diagnostics9030072
10.1111/bjd.15510
10.1016/j.mcna.2015.06.002
10.3390/metabo3041011
10.1080/15398285.2012.701177
10.3322/caac.21442
10.1016/S0738-081X(02)00231-6
10.1016/j.jaad.2017.07.022
10.1109/TBME.2017.2712771
10.1016/j.engappai.2018.04.028
10.1109/42.918473
10.1007/s12293-014-0144-8
10.1016/j.compmedimag.2008.11.002
10.1016/j.artmed.2012.08.002
10.1007/s10916-015-0354-8
10.1016/j.cmpb.2016.03.032
10.1111/j.1600-0846.2012.00636.x
10.1109/TFUZZ.2009.2018300
10.1109/TBME.2013.2283803
10.1111/j.1600-0846.2010.00455.x
10.1016/j.patcog.2012.08.012
10.1109/JSTSP.2008.2010631
10.1093/bioinformatics/btq178
10.1111/j.1600-0846.2011.00544.x
10.1007/s11760-018-1284-y
10.1111/j.1600-0846.2010.00472.x
10.1111/j.1600-0846.2008.00301.x
10.1109/JSTSP.2008.2011119
10.1111/j.1600-0846.2005.00092.x
10.1016/j.compmedimag.2010.09.006
10.1016/j.bspc.2017.07.010
10.1109/TMI.2016.2538465
10.1016/j.media.2017.07.005
10.1109/TPAMI.2016.2644615
10.1109/TPAMI.2017.2699184
10.1109/TBME.2018.2866166
10.1109/TMI.2017.2695227
10.1016/j.cmpb.2018.05.027
10.1109/JBHI.2018.2859898
10.1007/s11042-018-6523-2
10.1109/JBHI.2017.2787487
10.1016/S0010-4825(97)00020-6
10.1109/TPAMI.2016.2577031
10.1109/TKDE.2009.191
10.1109/TMI.2016.2528162
10.1007/s11263-015-0816-y
10.2307/1932409
10.3390/s18020556
10.1007/s10278-017-0026-y"
25,Assessing the effectiveness of artificial intelligence methods for melanoma: A retrospective review.,31255749,0,2019-07-01,10.1016/j.jaad.2019.06.042
26,Enhanced classifier training to improve precision of a convolutional neural network to identify images of skin lesions.,31233565,0,2019-06-25,"10.1371/journal.pone.0218713
10.1016/j.jid.2016.01.035
10.1111/bjd.15510
10.1136/bmjopen-2017-018299
10.2196/mhealth.9794
10.2196/jmir.8661
10.2196/mhealth.8231
10.1001/jamadermatol.2018.1907
10.1007/s10198-017-0888-4
10.1111/jdv.12032
10.1001/archderm.141.8.1008
10.1038/nature21056
10.1016/j.jid.2018.01.028
10.1016/j.jaad.2017.08.016
10.1093/annonc/mdy166
10.1016/j.ejca.2019.04.021
10.1016/j.ejca.2019.04.001
10.1016/j.ejca.2019.02.005
10.1016/j.ejca.2018.12.016
10.2196/11936
10.1038/nature14539
10.1109/CVPR.2016.90
10.1109/CVPR.2015.7298594
10.1016/j.jaad.2009.09.043
10.1016/j.jaad.2015.09.008
10.1111/j.1365-4632.2009.04185.x"
27,Artificial intelligence in dermato-oncology: a joint clinical and data science perspective.,31149729,0,2019-06-01,10.1111/ijd.14511
28,A comparative study of deep learning architectures on melanoma detection.,31133249,0,2019-05-28,10.1016/j.tice.2019.04.009
29,Pathologist-level classification of histopathological melanoma images with deep neural networks.,31129383,0,2019-05-28,10.1016/j.ejca.2019.04.021
30,Deep Learning Based Skin Lesion Segmentation and Classification of Melanoma Using Support Vector Machine (SVM).,31128062,0,2019-05-28,10.31557/APJCP.2019.20.5.1555
31,Classification of skin lesions using transfer learning and augmentation with Alex-net.,31112591,0,2019-05-22,"10.1371/journal.pone.0217293
10.3322/caac.21442
10.1109/JBHI.2018.2845939
10.1109/EMBC.2012.6346956
10.1109/MSMW.2016.7537993
10.1109/EMBC.2016.7590959
10.1016/j.media.2017.07.005
10.1109/TMI.2016.2528162
10.1109/EMBC.2016.7590963
10.1016/j.ijmedinf.2017.05.016
10.1038/nature21056
10.1109/TMI.2016.2642839
10.1038/nature14539
10.1109/CVPR.2009.5206848"
32,Skin cancer detection by deep learning and sound analysis algorithms: A prospective clinical study of an elementary dermoscope.,31101596,0,2019-05-19,10.1016/j.ebiom.2019.04.055
33,Automatic discovery of image-based signatures for ipilimumab response prediction in malignant melanoma.,31092853,0,2019-05-17,"10.1038/s41598-019-43525-8
10.1056/NEJMoa1504030
10.1016/S1470-2045(16)30406-5
10.1111/pcmr.12371
10.21037/atm.2017.08.10
10.1158/1078-0432.CCR-12-2982
10.1186/1479-5876-9-204
10.1007/s00262-011-1172-6
10.1056/NEJMoa1406498
10.1186/1479-5876-10-205
10.1186/2051-1426-2-S3-P193
10.1186/1479-5876-12-S1-P11
10.1186/s12967-016-1029-z
10.1080/2162402X.2017.1405206
10.1038/s41598-018-22564-7
10.1038/nature16961
10.1007/s11263-015-0816-y
10.1186/s40425-016-0161-x
10.1037/h0042519
10.1080/2162402X.2017.1286436
10.1038/nature13954"
34,Computational neural network in melanocytic lesions diagnosis: artificial intelligence to improve diagnosis in dermatology?,31017580,0,2019-04-25,10.1684/ejd.2019.3538
35,Deep learning outperformed 136 of 157 dermatologists in a head-to-head dermoscopic melanoma image classification task.,30981091,0,2019-04-14,10.1016/j.ejca.2019.04.001
36,Double trouble: two cases of dual adrenal pathologies in one adrenal mass.,30909165,0,2019-03-26,"10.1530/EDM-18-0151
10.1530/EJE-16-0467
10.1530/EJE-16-0461
10.1210/jc.2014-1498
10.1055/s-0032-1304594
10.1136/jmg.2007.049346
10.1080/0031302031000151028
10.1016/0046-8177(90)90155-X
10.1016/S0022-5347(17)56499-X
10.1016/S0022-5347(01)64871-7
10.1530/EJE-16-0297"
37,A convolutional neural network trained with dermoscopic images performed on par with 145 dermatologists in a clinical melanoma image classification task.,30852421,0,2019-03-11,10.1016/j.ejca.2019.02.005
38,Comparing artificial intelligence algorithms to 157 German dermatologists: the melanoma classification benchmark.,30802784,0,2019-02-26,10.1016/j.ejca.2018.12.016
39,Deep Learning in Medicine. Are We Ready?,30788488,0,2019-02-23,
40,Melanoma lesion detection and segmentation using deep region based convolutional neural network and fuzzy C-means clustering.,30784425,0,2019-02-21,10.1016/j.ijmedinf.2019.01.005
41,Reply to the letter to the editor 'Man against machine: diagnostic performance of a deep learning convolutional neural network for dermoscopic melanoma recognition in comparison to 58 dermatologists' by H. A. Haenssle et al.,30689691,0,2019-01-29,10.1093/annonc/mdz015
42,Dermoscopy diagnosis of cancerous lesions utilizing dual deep learning algorithms via visual and audio (sonification) outputs: Laboratory and prospective observational studies.,30674442,0,2019-01-25,10.1016/j.ebiom.2019.01.028
43,Attention Residual Learning for Skin Lesion Classification.,30668469,0,2019-01-23,10.1109/TMI.2019.2893944
44,"Integrating clinical, molecular, proteomic and histopathological data within the tissue context: tissunomics.",30667539,0,2019-01-23,10.1111/his.13828
45,Deep Learning and Handcrafted Method Fusion: Higher Diagnostic Accuracy for Melanoma Dermoscopy Images.,30624234,0,2019-01-10,10.1109/JBHI.2019.2891049
46,Reply to 'Man against machine: diagnostic performance of a deep learning convolutional neural network for dermoscopic melanoma recognition in comparison to 58 dermatologists' by Haenssle et al.,30535295,0,2018-12-12,10.1093/annonc/mdy519
47,"Reply to the letter to the Editor ""Reply to 'Man against machine: diagnostic performance of a deep learning convolutional neural network for dermoscopic melanoma recognition in comparison to 58 dermatologists' by H. A. Haenssle et al. "" by L. Oakden-Rayner.",30535230,0,2018-12-12,10.1093/annonc/mdy520
48,Fusing fine-tuned deep features for skin lesion classification.,30458354,0,2018-11-21,10.1016/j.compmedimag.2018.10.007
49,Melanoma Recognition in Dermoscopy Images via Aggregated Deep Convolutional Features.,30130171,0,2018-08-22,10.1109/TBME.2018.2866166
50,Supervised Saliency Map Driven Segmentation of Lesions in Dermoscopic Images.,29994323,0,2018-07-12,10.1109/JBHI.2018.2839647
51,Improving Dermoscopic Image Segmentation with Enhanced Convolutional-Deconvolutional Networks.,29990146,0,2018-07-11,10.1109/JBHI.2017.2787487
52,Artificial intelligence for melanoma diagnosis: how can we deliver on the promise?,29790922,0,2018-05-24,10.1093/annonc/mdy191
53,Unveiling the power of convolutional neural networks in melanoma diagnosis.,38297925,1,2024-02-01,10.1684/ejd.2023.4559
54,SkinLesNet: Classification of Skin Lesions and Detection of Melanoma Cancer Using a Novel Multi-Layer Deep Convolutional Neural Network.,38201535,1,2024-01-11,"10.3390/cancers16010108
10.3390/fractalfract6020082
10.1002/ijc.31937
10.1186/s13005-016-0106-0
10.1016/j.humpath.2022.07.002
10.1016/j.pop.2015.07.006
10.3390/ijerph18105479
10.1080/15384047.2019.1640032
10.3322/canjclin.50.4.215
10.1016/j.compbiomed.2022.106474
10.1002/ima.22616
10.2147/PROM.S69351
10.1007/s12553-018-0223-9
10.1016/S0190-9622(94)70061-3
10.1158/1078-0432.CCR-03-0039
10.3390/healthcare10071183
10.1007/s11042-022-13081-x
10.3390/bioengineering10070850
10.1016/j.compeleceng.2022.108318
10.1016/j.eswa.2023.121047
10.32604/cmc.2022.023101
10.1007/s11042-022-13666-6
10.1016/j.neucom.2023.126362
10.1155/2022/7348344
10.1002/ima.22812
10.1016/j.dib.2020.106221
10.1016/j.adcanc.2022.100078
10.1007/s10619-021-07360-z
10.1016/j.eswa.2022.119230
10.32604/cmc.2022.018917
10.1016/j.cmpb.2022.107166
10.1007/s13369-021-06182-6
10.1007/s41870-022-01071-z
10.1016/j.engappai.2022.105590
10.1109/TMI.2022.3220706
10.1016/j.ceh.2023.08.002
10.1109/ACCESS.2019.2906241
10.1109/ACCESS.2022.3196911
10.1109/ACCESS.2023.3274848
10.33545/27076636.2022.v3.i1b.53
10.32604/csse.2023.024154
10.1109/ACCESS.2022.3148402
10.1016/j.compbiomed.2022.105807
10.21203/rs.3.rs-3332390/v1
10.3389/fonc.2022.931141
10.1109/ACCESS.2022.3217217
10.38094/jastt301121
10.1002/ima.22750
10.1016/j.compbiomed.2022.106170
10.1038/s41598-021-99015-3
10.1016/j.asoc.2023.110055
10.1001/archderm.138.12.1562
10.1016/S0190-9622(99)70435-4
10.1016/j.compbiomed.2022.106391
10.1186/s40537-023-00769-6
10.3390/diagnostics12092115
10.1007/s11042-021-11593-6"
55,Dermoscopic dark corner artifacts removal: Friend or foe?,38157827,1,2024-01-02,10.1016/j.cmpb.2023.107986
56,Using Artificial Intelligence as a Melanoma Screening Tool in Self-Referred Patients.,38156628,1,2024-01-02,10.1177/12034754231216967
57,Enhancing Skin Lesion Detection: A Multistage Multiclass Convolutional Neural Network-Based Framework.,38136020,1,2023-12-23,"10.3390/bioengineering10121430
10.1038/nrmicro.2017.157
10.1016/j.soncn.2013.06.002
10.1016/j.canep.2019.01.004
10.1016/j.artmed.2019.101756
10.1038/sdata.2018.161
10.1016/j.tice.2019.07.005
10.3322/caac.21763
10.1016/j.ijleo.2017.04.084
10.1515/med-2018-0002
10.1109/JSTSP.2008.2011119
10.1684/ejd.2012.1727
10.1067/mjd.2003.281
10.1016/S0190-9622(94)70061-3
10.1109/JBHI.2018.2824327
10.1016/j.jaad.2006.09.003
10.1038/s41598-023-33426-2
10.1007/s12311-023-01511-x
10.1155/2023/6850772
10.3390/bioengineering10040475
10.3390/s23073714
10.3390/s22010372
10.1007/s11036-017-0962-2
10.1016/j.comnet.2023.109807
10.3390/life13010146
10.3390/diagnostics13193147
10.1016/j.media.2020.101915
10.1016/j.patrec.2019.11.042
10.1016/j.cmpb.2020.105351
10.3390/diagnostics13193063
10.1016/j.solener.2020.01.055
10.3390/s21165668
10.1007/s42979-021-00882-4
10.1016/j.cmpb.2020.105475
10.1016/j.neuri.2021.100034
10.1007/s00521-021-05929-4
10.3390/math11020364
10.1016/j.cie.2022.108060"
58,[MOCK MOLE: PRODUCING SYNTHETIC IMAGES THAT RECAPITULATE CONFOCAL PATTERNS OF MELANOCYTIC NEVI VIA DEEP-LEARNING MODELS].,38126148,1,2023-12-21,
59,An ensemble-based deep learning model for detection of mutation causing cutaneous melanoma.,38097641,1,2023-12-15,"10.1038/s41598-023-49075-4
10.1007/s13555-022-00709-x
10.1038/s41598-022-24353-9
10.3389/fonc.2022.975255
10.3390/diagnostics13152531
10.1111/srt.13135
10.1186/s12943-022-01708-4
10.1016/j.lfs.2022.120832
10.3390/diagnostics13030385
10.1007/s11042-019-7652-y
10.1111/j.1365-2133.2008.08713.x
10.1016/j.det.2017.06.003
10.1016/S2589-7500(22)00021-8
10.3390/ijerph182413409
10.3390/genes12101543
10.35940/ijitee.J9273.09111022
10.1038/s41598-021-92793-w
10.1038/s41598-019-53989-3
10.1371/journal.pcbi.1010332
10.1155/2021/1716182
10.1093/nar/gkw226
10.1186/s13637-016-0042-0
10.1038/nbt.3300
10.3390/app12199960
10.1038/srep38988
10.1109/PROC.1969.7277
10.2174/1574893614666190723114923
10.1038/s41598-021-91656-8
10.1016/j.patrec.2007.04.013
10.21307/stattrans-2019-002
10.1109/ACCESS.2019.2962002
10.1007/s11033-018-4417-z
10.1016/j.jtbi.2018.12.015
10.1016/j.jtbi.2019.02.007
10.1109/TCBB.2019.2919025
10.1155/2016/8370132
10.1371/journal.pone.0181966
10.1142/S0218488598000094
10.1038/nature14539
10.3390/s20030723
10.1016/j.patcog.2017.10.013
10.1016/j.procs.2018.04.239
10.1016/j.neunet.2005.06.042
10.1023/A:1018054314350
10.1007/BF00116037
10.1109/ACCESS.2021.3076410
10.1038/ki.2009.92
10.1093/bjaceaccp/mkn041"
60,Retracted: Automated Diagnosis and Localization of Melanoma from Skin Histopathology Slides Using Deep Learning: A Multicenter Study.,38094829,1,2023-12-14,"10.1155/2023/9847323
10.1155/2021/5972962"
61,Analyzing the Impact of Image Denoising and Segmentation on Melanoma Classification Using Convolutional Neural Networks.,38083686,1,2023-12-12,10.1109/EMBC40787.2023.10340135
62,Multi-Level Swin Transformer Enabled Automatic Segmentation and Classification of Breast Metastases.,38082574,1,2023-12-12,10.1109/EMBC40787.2023.10340831
63,Recent Advancements and Perspectives in the Diagnosis of Skin Diseases Using Machine Learning and Deep Learning: A Review.,38066747,1,2023-12-09,"10.3390/diagnostics13233506
10.1016/S1470-2045(19)30333-X
10.1016/j.jaad.2016.10.048
10.1080/1744666X.2019.1550358
10.1159/000514198
10.1111/bjd.18880
10.1007/s13671-014-0098-6
10.1016/j.clindermatol.2021.03.012
10.1016/j.ijsu.2021.105906
10.3390/app10072488
10.17632/bfmpbx432k.2
10.1038/sdata.2018.161
10.1038/s41591-020-0842-3
10.1038/s41591-020-0942-0
10.1016/j.neunet.2014.09.003
10.1016/j.jid.2018.01.028
10.1016/j.ejca.2019.04.001
10.1038/s41598-022-22644-9
10.3390/s21175846
10.1109/JBHI.2020.2991043
10.1016/j.patrec.2020.07.042
10.1186/s12938-015-0037-1
10.1016/j.knosys.2019.06.015
10.17485/ijst/2016/v9i43/104642
10.1155/2016/8603609
10.3390/diagnostics12102478
10.1109/JTEHM.2019.2952610
10.3389/fnins.2019.00095
10.1007/s10278-022-00696-7
10.1155/2022/4189781
10.3390/s22020496
10.4103/jmss.JMSS_52_18
10.1016/j.compbiolchem.2020.107247
10.1109/TMI.2017.2695227
10.1109/JBHI.2017.2787487
10.1186/s12880-020-00529-5
10.1016/j.cmpb.2018.01.027
10.1016/j.compbiomed.2018.11.010
10.1007/s11042-018-6523-2
10.1504/IJCAT.2021.119757
10.1016/j.compmedimag.2019.101658
10.1007/s11517-021-02397-9
10.1016/j.jdermsci.2023.01.005
10.1111/jdv.16979
10.1007/s10115-023-01865-y
10.1111/srt.12920
10.3390/diagnostics11081390
10.1016/j.procs.2015.03.090
10.1007/s10916-019-1400-8
10.1016/j.measurement.2020.107922
10.1186/s12859-020-3351-y
10.1002/ima.22661
10.1016/j.bspc.2021.103406
10.4015/S1016237220500362
10.3390/s22186915
10.1109/ACCESS.2020.2975198
10.1109/ACCESS.2019.2918221
10.1007/s11042-020-09067-2
10.1007/s10278-020-00371-9
10.1109/ACCESS.2020.3003890
10.1007/s10278-021-00552-0
10.1007/s11517-021-02473-0
10.1016/j.compbiomed.2019.103545
10.1016/j.compmedimag.2020.101765
10.1016/j.cmpb.2020.105351
10.1007/s00500-023-08035-w
10.1016/j.eswa.2022.119230
10.1007/s10278-023-00862-5
10.1007/s00371-022-02492-4
10.1007/s12652-020-02357-5
10.21037/atm-22-1738
10.3390/s21082852
10.1038/nature21056
10.1093/annonc/mdy166
10.1016/j.ejca.2019.06.013
10.1007/s10278-019-00227-x
10.1147/JRD.2017.2708283
10.1147/JRD.2017.2708299
10.1016/j.bspc.2017.07.010
10.1016/j.compbiomed.2021.105111
10.1109/ACCESS.2020.3001507
10.1109/JBHI.2022.3162118
10.1038/538020a
10.1007/s00521-016-2482-6
10.1002/ski2.81
10.1002/ett.4080
10.1016/j.neucom.2021.08.096
10.1016/j.compbiomed.2020.104065
10.1186/s10033-021-00629-5
10.3389/fmicb.2022.995323
10.1016/j.compbiomed.2022.106112
10.1007/s13555-022-00874-z
10.1016/j.media.2023.102802
10.1159/000492670
10.1109/TPAMI.2017.2782687
10.1186/s40779-021-00338-z"
64,Deep-learning-based survival prediction of patients with lower limb melanoma.,38030951,1,2023-11-30,"10.1007/s12672-023-00823-y
10.1007/s00403-022-02375-7
10.5858/2001-125-1295-MM
10.1186/s12874-018-0482-1
10.1615/CritRevEukaryotGeneExpr.2020028454
10.1097/DAD.0b013e31828a2ec5
10.1002/hep.1840070628
10.1097/PRS.0000000000002367
10.1002/pst.1630
10.1097/DAD.0000000000001450
10.1016/j.cps.2021.05.001
10.23736/S2784-8671.21.06958-3
10.1111/jebm.12373
10.1088/1361-6560/aab4b1
10.3390/cancers11091235
10.1159/000056358
10.1016/S0039-6109(02)00092-0
10.1007/s11864-006-0011-z
10.1016/j.det.2022.07.017
10.1001/jamanetworkopen.2020.5842
10.1155/2021/5745304
10.1371/journal.pcbi.1006076
10.2147/IJGM.S336443
10.3389/fmed.2023.1167742
10.1038/s41598-019-43372-7
10.1186/s12885-022-09217-9
10.3322/caac.21731"
65,Boosting the performance of pretrained CNN architecture on dermoscopic pigmented skin lesion classification.,38009020,1,2023-11-27,"10.1111/srt.13505
10.1186/s40537-023-00769-6
10.1016/j.tice.2021.101701
10.48550/ARXIV.1902.03368
10.48550/ARXIV.1908.02288
10.1038/sdata.2018.161"
66,Segmentation and classification of skin lesions using hybrid deep learning method in the Internet of Medical Things.,38009016,1,2023-11-27,"10.1111/srt.13524
10.1109/ICDCS48716.2020.243558
10.1007/978-3-031-18896-1_7
10.1016/j.jnca.2020.102873
10.1111/coin.12458
10.3390/s23073548
10.1111/srt.13150
10.1111/srt.12817
10.1108/WJE-09-2020-0456
10.1111/srt.12920
10.1007/s10278-021-00552-0
10.3390/diagnostics11081390
10.1007/s11042-020-09067-2
10.1002/ett.3963
10.1007/s11276-021-02713-z"
67,Artificial Intelligence Algorithms for Benign vs. Malignant Dermoscopic Skin Lesion Image Classification.,38002446,1,2023-11-25,"10.3390/bioengineering10111322
10.1016/j.cps.2021.05.001
10.1067/mjd.2001.113442
10.1007/s11864-018-0573-6
10.2340/00015555-2719
10.1038/nature21056
10.1038/s41598-021-96707-8
10.3390/bioengineering9030097
10.1016/j.compmedimag.2020.101765
10.1007/s10916-016-0460-2
10.3390/s22031134
10.1016/j.compmedimag.2018.10.007
10.1038/sdata.2018.161
10.1109/JBHI.2018.2824327
10.1038/s41598-020-77933-y
10.21105/joss.00925
10.1186/s12911-018-0641-7
10.1016/j.ijleo.2017.04.084
10.1049/el.2013.3685
10.1016/0895-6111(92)90074-J
10.1109/CVPR.2009.5206848
10.3389/fonc.2020.01559
10.1016/j.procs.2015.03.090
10.1016/j.compmedimag.2020.101843
10.1016/j.artmed.2022.102370
10.1109/TMI.2020.2972964
10.1007/s40747-021-00587-4"
68,The practical utility of AI-assisted molecular profiling in the diagnosis and management of cancer of unknown primary: an updated review.,37999736,1,2023-11-24,"10.1007/s00428-023-03708-1
10.1016/j.annonc.2022.11.013
10.1016/S0140-6736(11)61178-1
10.1038/s41571-020-0359-1
10.1053/j.semdp.2020.12.001
10.1186/s13073-021-00968-x
10.1038/ng.2762
10.1038/s41379-021-00857-z
10.1097/PAS.0000000000001645
10.1158/1078-0432.CCR-19-1700
10.1001/jamaoncol.2019.3985
10.1186/s13073-023-01204-4
10.1002/path.6022
10.1186/s13073-017-0493-2
10.1038/s41467-022-31666-w
10.1038/s41467-019-13825-8
10.1038/nature12634
10.1186/s12885-019-5677-2
10.1093/narcan/zcaa026
10.1002/path.4251
10.1093/annonc/mdx545
10.1001/jamanetworkopen.2022.3833
10.1016/j.modpat.2023.100165
10.3389/fbioe.2022.883791
10.1016/j.ebiom.2020.103030
10.1038/s41598-022-13665-5
10.1001/jamanetworkopen.2019.2597
10.1007/s40291-023-00650-5
10.1016/j.tranon.2021.101016
10.1016/0022-2836(87)90689-9
10.1093/hmg/ddaa147
10.1038/s41467-020-20603-4
10.1038/nature26000
10.1101/gr.269233.120
10.1093/narcan/zcad017
10.1371/journal.pone.0226461
10.1038/s41746-019-0112-2
10.1038/s41586-021-03512-4
10.1016/j.celrep.2018.03.086
10.1002/onco.13597
10.1002/onco.13744
10.1001/jamaoncol.2020.4643
10.1093/oncolo/oyab014
10.1038/s41416-023-02254-6
10.1001/jamaoncol.2020.7987
10.1093/annonc/mdz394
10.1158/1078-0432.CCR-21-0327
10.1093/annonc/mdy495
10.1016/S1470-2045(20)30445-9
10.1158/2159-8290.CD-20-0522
10.1002/ijc.31878"
69,Recent Advances in the Field of Artificial Intelligence for Precision Medicine in Patients with a Diagnosis of Metastatic Cutaneous Melanoma.,37998619,1,2023-11-24,"10.3390/diagnostics13223483
10.2340/00015555-3491
10.7150/thno.30309
10.1093/oncolo/oyac036
10.1007/s11912-019-0815-1
10.1148/ryai.2021210097
10.1038/nrclinonc.2017.141
10.3310/hta15350
10.1038/s41598-018-31509-z
10.1002/acm2.12795
10.1007/s00259-023-06327-9
10.23736/S1824-4785.19.03192-3
10.1007/s00259-017-3853-7
10.1001/jamaoncol.2021.6818
10.3348/kjr.2022.0225
10.1016/S2589-7500(22)00021-8
10.1016/S2589-7500(22)00023-1
10.1016/S1470-2045(19)30333-X
10.2196/18091
10.3390/diagnostics12051116
10.1080/14737140.2018.1489246
10.1186/s40644-021-00440-4
10.1200/CCI.20.00110
10.18632/oncotarget.11291
10.3322/caac.21409
10.1158/1078-0432.ccr-19-1495
10.1245/ASO.2006.03.019
10.1016/j.tranon.2020.100921
10.1158/1078-0432.CCR-20-2415
10.3389/fonc.2023.1066360
10.1007/s00259-019-04411-7
10.1200/JCO.20.00198
10.1016/j.ejca.2008.10.026
10.1200/JCO.2015.64.0391
10.3389/fonc.2020.566297
10.1007/s00330-022-08669-8
10.1136/bmj.k793
10.1186/s40425-019-0805-8
10.3390/cancers12051163
10.1007/s00330-021-08277-y
10.1111/j.1365-2044.1992.tb03275.x
10.3389/fonc.2019.00768
10.1007/s11912-020-0897-9
10.1158/1078-0432.CCR-16-2265
10.3389/fonc.2012.00073
10.1007/s11060-009-0106-z
10.3174/ajnr.A1362
10.1002/jmri.22009
10.3174/ajnr.A2061
10.26420/austinjradiol.2021.1151
10.1371/journal.pone.0210976
10.1038/s41698-022-00321-4
10.3390/cancers14061524
10.1007/s00262-019-02351-7
10.1016/j.ejca.2022.10.013
10.1038/ncomms5006
10.1371/journal.pone.0131403"
70,TBUnet: A Pure Convolutional U-Net Capable of Multifaceted Feature Extraction for Medical Image Segmentation.,37975926,1,2023-11-17,10.1007/s10916-023-02014-2
71,Finetuning of GLIDE stable diffusion model for AI-based text-conditional image synthesis of dermoscopic images.,37928464,1,2023-11-06,"10.3389/fmed.2023.1231436
10.1038/s41591-021-01614-0
10.3390/jpm12040509
10.1016/j.xjidi.2022.100150
10.2174/1573405615666190129120449
10.1186/s40537-023-00727-2
10.48550/arXiv.2112.10741
10.48550/ARXIV.2303.07909
10.1038/s41746-022-00634-5
10.7910/DVN/DBW86T
10.1016/j.media.2021.101985
10.3390/jimaging8110310
10.48550/arXiv.2102.12092
10.48550/arXiv.2008.05865
10.48550/ARXIV.2101.04702
10.48550/ARXIV.1912.04958
10.48550/arXiv.1906.00446
10.48550/ARXIV.1904.01121
10.48550/ARXIV.1907.05600
10.48550/ARXIV.2105.05233
10.48550/ARXIV.2207.12598"
72,Federated and Transfer Learning Methods for the Classification of Melanoma and Nonmelanoma Skin Cancers: A Prospective Study.,37896548,1,2023-10-28,"10.3390/s23208457
10.3390/s22155652
10.1016/S2214-109X(16)30143-7
10.1109/ACCESS.2022.3171916
10.3390/ijms21155394
10.1016/j.bbrc.2017.08.052
10.3322/caac.21551
10.1097/CM9.0000000000002108
10.1016/j.media.2022.102702
10.3390/life13010146
10.1016/j.measen.2023.100677
10.3390/genes10070501
10.3322/caac.21494
10.1586/edm.11.79
10.3390/s22030799
10.1111/exsy.12944
10.1109/ACCESS.2020.3001507
10.1038/s41746-017-0012-2
10.1109/MSP.2012.2205597
10.3390/jcm12031134
10.1016/j.eswa.2020.113922
10.1016/j.advengsoft.2022.103361
10.3390/cancers15072179
10.1109/ACCESS.2020.3004766
10.1016/j.infsof.2008.09.009
10.1109/TMI.2016.2642839
10.1016/j.cmpb.2020.105351
10.1002/ima.22377
10.1016/j.compeleceng.2020.106956
10.1109/ECBIOS.2019.8807441
10.1109/ACCESS.2020.3003890
10.1007/s10527-019-09845-9
10.1007/s10278-020-00371-9
10.1038/nature21056
10.1007/s11042-018-6734-6
10.1016/j.ejca.2020.11.020
10.1109/LA-CCI47412.2019.9037058
10.1109/ICCISci.2019.8716400
10.1016/j.patrec.2020.12.015
10.1016/j.cmpb.2023.107408
10.1016/j.asoc.2020.106281
10.1002/ima.22490
10.1007/s11042-020-09388-2
10.1016/j.compmedimag.2018.10.007
10.1007/978-3-030-04070-3_34
10.1109/ACCESS.2020.2997710
10.1016/j.jbi.2018.08.006
10.1109/JBHI.2022.3149288
10.3390/app11052145
10.1109/ACCESS.2020.3014787
10.1147/JRD.2017.2708299
10.1109/JBHI.2018.2806962
10.1016/j.cmpb.2018.05.027
10.1109/ACCESS.2020.3016651
10.1016/j.ijmedinf.2019.01.005
10.1016/j.eswa.2020.113742
10.1016/j.compbiomed.2020.103762
10.3390/diagnostics10100822
10.1007/s12652-020-02394-0
10.1016/j.imu.2019.100176
10.1109/TMI.2020.2972964
10.1016/j.patcog.2020.107413
10.1007/s11042-020-09067-2
10.1007/s11042-020-09637-4
10.1016/j.imu.2021.100819
10.1007/s10916-019-1413-3
10.1016/j.patrec.2019.11.042
10.1016/j.eswa.2019.112961
10.1016/j.artmed.2019.101756
10.1016/j.compbiomed.2019.103545
10.1016/j.patrec.2020.05.019
10.1007/978-981-15-3383-9_15
10.1371/journal.pone.0217293
10.33969/AIS.2020.21006
10.1016/j.cmpb.2019.105241
10.3390/app10072488
10.1016/j.patrec.2019.11.034
10.1109/ACCESS.2020.2973188
10.3390/s20061753
10.1007/978-3-030-30642-7_30
10.1016/j.asoc.2020.106881
10.3390/e22040484
10.1101/860700
10.1016/j.ejca.2020.04.043
10.1016/j.bspc.2020.102041
10.1016/j.compbiomed.2020.103738
10.3390/math10010026
10.1016/j.procs.2021.12.132
10.1016/j.future.2023.02.021
10.1109/TMI.2022.3233574
10.1016/j.compmedimag.2020.101765
10.3390/jpm12020275
10.1016/j.compbiomed.2020.104065
10.1371/journal.pone.0266462
10.1109/JBHI.2022.3168604
10.1038/s41598-021-83502-8
10.3389/fmed.2019.00180"
73,Artificial intelligence for predictive biomarker discovery in immuno-oncology: a systematic review.,37879443,1,2023-10-26,10.1016/j.annonc.2023.10.125
74,A Spitzoid Tumor dataset with clinical metadata and Whole Slide Images for Deep Learning models.,37845235,1,2023-10-17,"10.1038/s41597-023-02585-2
10.5858/arpa.2015-0207-RA
10.1111/j.1440-0960.1997.tb01091.x
10.3389/fonc.2022.889223
10.1016/j.pathol.2015.12.003
10.1016/j.pathol.2015.12.007
10.1111/cup.13521
10.1080/09546634.2021.1939847
10.1111/cup.13530
10.1186/1479-5876-10-179
10.1016/j.jid.2019.12.031
10.4103/jpi.jpi_69_18
10.1016/j.patter.2020.100089
10.1016/j.ejca.2021.06.049
10.3390/s22020496
10.3390/dermatopathology8030044
10.3390/cancers15010042
10.1016/j.artmed.2021.102197
10.4103/jpi.jpi_32_18
10.6084/m9.figshare.c.6472282.v1"
75,Skin lesion classification using HG-PSO and YOLOv7 based convolutional network in real time.,37840254,1,2023-10-16,10.1177/09544119231198823
76,Towards Building a Trustworthy Deep Learning Framework for Medical Image Analysis.,37836952,1,2023-10-14,"10.3390/s23198122
10.1016/j.ibmed.2020.100013
10.1002/int.22504
10.1002/widm.1072
10.48550/ARXIV.2010.05352
10.1109/ICDM.2003.1250950
10.1186/s40537-020-00349-y
10.1007/s11749-016-0481-7
10.1109/SP.2018.00058
10.1038/s41597-019-0322-0
10.1038/s41598-020-76550-z
10.34970/2020-ds01
10.1109/ICBAIE52039.2021.9389983
10.1145/3437378.3437396
10.3390/jpm13020282
10.1016/j.radi.2022.08.009
10.3390/s23052621"
77,Skin Lesion Classification and Detection Using Machine Learning Techniques: A Systematic Review.,37835889,1,2023-10-14,"10.3390/diagnostics13193147
10.1007/s12530-019-09297-2
10.1007/s41095-019-0151-2
10.3390/diagnostics11091714
10.4028/www.scientific.net/JBBBE.54.65
10.3390/jimaging7090179
10.3390/jimaging7020022
10.3390/jimaging6110121
10.4028/www.scientific.net/JERA.51.131
10.3390/a15030075
10.3934/DSFE.2022011
10.1016/j.health.2023.100143
10.1016/j.imu.2023.101223
10.1016/j.micpro.2023.104755
10.3390/a15110438
10.1016/j.compbiomed.2020.104065
10.3390/life13010146
10.1016/j.ejca.2022.02.025
10.1016/j.xjidi.2022.100150
10.1016/j.compbiomed.2023.106624
10.1016/j.imed.2022.08.004
10.1088/1757-899X/1076/1/012045
10.3390/healthcare11030415
10.1016/S2589-7500(21)00252-1
10.1016/j.measurement.2020.107922
10.1016/j.neuri.2021.100034
10.3390/s21082852
10.1038/s41598-022-22644-9
10.1007/s11042-021-11823-x
10.3390/electronics12020438
10.3390/electronics11234009
10.1016/j.procs.2023.01.009
10.1016/j.compeleceng.2022.108318
10.1016/j.cmpb.2022.107166
10.1016/j.bspc.2022.103997
10.1016/j.cmpb.2022.106624
10.1016/j.ymeth.2021.02.013
10.1016/j.compbiomed.2022.106148
10.1016/j.bspc.2022.103729
10.1016/j.health.2023.100154
10.1016/j.cmpb.2022.106666
10.1016/j.jdermsci.2023.01.005
10.1016/j.media.2022.102702
10.1016/j.engappai.2023.105897
10.1049/iet-ipr.2019.0553
10.1007/s00500-022-07234-1
10.1016/j.eswa.2022.116671
10.1016/j.cmpbup.2023.100103
10.1016/j.jaad.2021.02.009
10.1016/j.eswa.2022.119064
10.1016/j.chaos.2023.113409
10.1016/j.bspc.2023.104705
10.1016/j.bspc.2023.104779
10.1016/j.ajpath.2023.02.008
10.1016/j.bspc.2023.104869
10.1016/j.neunet.2023.01.022
10.1149/10701.17381ecst
10.3390/electronics11091294
10.1002/ima.22661
10.1155/2022/7541583
10.1016/j.tice.2021.101701
10.1016/j.advengsoft.2022.103361
10.1109/ICIIP53038.2021.9702567
10.1109/CSDE53843.2021.9718427
10.3389/fpubh.2022.1034772
10.1016/j.compeleceng.2022.108359
10.1016/j.bspc.2023.104729
10.1016/j.chemolab.2022.104659
10.1016/j.procs.2022.12.412
10.1016/j.health.2023.100161
10.1016/j.heliyon.2023.e15416
10.1038/nature21056
10.3390/jcm11226826
10.1038/sdata.2018.161
10.3390/s22041596
10.3390/jimaging9020035
10.1007/s13555-022-00833-8
10.2196/39143
10.1109/ETFA45728.2021.9613467
10.1145/3386252
10.1016/j.ijwd.2017.04.002
10.1007/s10278-021-00525-3"
78,Artificial Intelligence and Radiomics: Clinical Applications for Patients with Advanced Melanoma Treated with Immunotherapy.,37835808,1,2023-10-14,"10.3390/diagnostics13193065
10.1186/s12885-016-2438-3
10.1056/NEJMoa1003466
10.1200/JCO.2015.61.6870
10.1038/ni0702-611
10.1038/ni.2762
10.1126/science.aaa1348
10.1186/s13045-020-00922-1
10.1016/j.virol.2020.05.016
10.1016/S1470-2045(16)30366-7
10.1007/s00330-020-07249-y
10.3389/fonc.2020.566297
10.1158/1078-0432.CCR-16-1741
10.1056/NEJMoa1910836
10.1200/JCO.21.02229
10.1634/theoncologist.2010-0190
10.1038/s41590-022-01141-1
10.1155/2020/9235638
10.1158/1078-0432.CCR-17-2267
10.1038/cti.2014.18
10.1148/radiol.239003
10.1056/NEJMra1703481
10.1038/s41571-019-0218-0
10.1016/S1470-2045(18)30700-9
10.1146/annurev-pathol-042020-042741
10.1001/jamanetworkopen.2020.1611
10.1093/annonc/mdy423
10.1200/JCO.2014.58.3377
10.1016/j.cell.2018.07.035
10.3390/cancers14153779
10.1056/NEJMoa2109970
10.3390/ijms22083837
10.1093/annonc/mdw217
10.1158/1078-0432.CCR-15-1507
10.1136/jitc-2022-005292
10.3389/fonc.2021.704607
10.3389/fonc.2020.01524
10.1055/a-1140-5458
10.1016/j.ejrad.2019.108688
10.1136/jitc-2021-003261
10.1158/1541-7786.MCR-20-1038
10.1016/j.diii.2021.09.009
10.1001/jamaoncol.2021.6818
10.3390/diagnostics12020388
10.1016/S1470-2045(18)30413-3
10.1093/annonc/mdz108
10.1136/jitc-2020-001429
10.1038/nrclinonc.2017.141
10.1634/theoncologist.2019-0751
10.1016/j.intimp.2020.106907
10.1159/000525928
10.1016/j.clnesp.2021.06.029
10.1007/s11060-019-03379-6
10.1007/s00259-020-04967-9
10.1007/s00259-019-04411-7
10.1136/jitc-2022-004867
10.1136/jitc-2022-004848
10.1111/bjd.19553
10.1158/0008-5472.CAN-18-2791
10.1016/j.molimm.2015.04.001
10.2967/jnumed.121.263151
10.1089/cbr.2019.3056"
79,MSRNet: Multiclass Skin Lesion Recognition Using Additional Residual Block Based Fine-Tuned Deep Models Information Fusion and Best Feature Selection.,37835807,1,2023-10-14,"10.3390/diagnostics13193063
10.1016/j.compbiomed.2023.106624
10.1002/wnan.1853
10.3390/diagnostics13010161
10.3390/diagnostics13132180
10.1109/ACCESS.2020.3014701
10.1016/j.jdermsci.2019.12.004
10.3390/cancers15072179
10.3390/healthcare11030415
10.1109/ACCESS.2019.2926837
10.1002/jemt.23694
10.1007/s11042-023-14697-3
10.1684/ejd.2012.1727
10.1016/S0190-9622(94)70061-3
10.1109/JBHI.2018.2824327
10.1067/mjd.2003.281
10.1016/j.jaad.2006.09.003
10.1016/j.bea.2022.100069
10.1007/s10278-023-00776-2
10.1007/s11042-023-14454-6
10.3390/diagnostics13111911
10.1109/ACCESS.2023.3274848
10.1109/ACCESS.2023.3269694
10.1111/j.1600-0846.2012.00614.x
10.1109/JSYST.2013.2271540
10.1016/j.artmed.2013.11.006
10.1147/JRD.2017.2708299
10.1016/j.media.2020.101915
10.1016/j.patrec.2019.11.042
10.1016/j.cmpb.2020.105351
10.1016/j.compmedimag.2020.101765
10.1016/j.bspc.2019.101765
10.3390/s20061753
10.3390/e22040484
10.1016/j.compbiomed.2019.103545
10.1109/ACCESS.2020.3003890
10.1145/3341095
10.1109/ACCESS.2021.3066323
10.1002/ima.22490"
80,Analysis of Artificial Intelligence-Based Approaches Applied to Non-Invasive Imaging for Early Detection of Melanoma: A Systematic Review.,37835388,1,2023-10-14,"10.3390/cancers15194694
10.1002/14651858.CD012352.pub2
10.5826/dpc.1002a32
10.1002/14651858.CD013189
10.2196/18091
10.1186/s13000-021-01085-4
10.1038/s41746-021-00544-y
10.2196/34896
10.1126/sciadv.abq6147
10.3390/diagnostics11081390
10.1016/j.ejca.2021.06.049
10.3390/ijms232213838
10.1016/j.jaad.2017.08.016
10.1016/j.jaad.2019.07.016
10.1038/s41598-022-20168-w
10.1016/j.compbiomed.2022.105939
10.3390/s22166261
10.3390/s22155652
10.1186/s12880-022-00871-w
10.3390/s22134963
10.1155/2022/2370190
10.3390/ijerph19073892
10.1155/2022/2196096
10.3390/s22031134
10.1155/2021/9619079
10.1109/embc46164.2021.9630452
10.1038/s41598-021-96707-8
10.3390/s21165551
10.1002/jemt.23908
10.1016/j.compbiomed.2021.104712
10.3390/s21123999
10.1155/2021/9998379
10.1016/j.compmedimag.2020.101843
10.1186/s12880-020-00534-8
10.1016/j.jdermsci.2020.11.009
10.1117/1.JBO.25.11.112906
10.3390/s20205786
10.1109/embc44109.2020.9175391
10.1111/1346-8138.15640
10.1186/s12859-020-3351-y
10.1016/j.ejca.2019.11.020
10.5826/dpc.1001a11
10.1016/j.ejca.2019.05.023
10.1016/j.ejca.2019.04.001
10.1109/JBHI.2019.2891049
10.1093/annonc/mdy166
10.3390/s18020556
10.3390/cancers15010156
10.1109/embc.2019.8856731
10.1038/s41598-021-82969-9
10.1001/jamanetworkopen.2019.13436
10.1016/j.jdcr.2018.09.019
10.1111/j.1468-2494.2008.00406.x
10.1039/C8RA04164D
10.1117/1.JBO.18.6.061224
10.1002/jbio.200910020
10.1038/sj.neo.7900071
10.1111/bjd.19553
10.1117/1.JBO.23.2.020902
10.1007/s13555-017-0175-4
10.1080/15384047.2019.1640032
10.1001/jamadermatol.2019.5014
10.1097/CMR.0000000000000779
10.1002/cnr2.1713
10.4103/ijd.IJD_418_20"
81,Deep convolutional neural network with fusion strategy for skin cancer recognition: model development and validation.,37816815,1,2023-10-11,"10.1038/s41598-023-42693-y
10.1016/S0140-6736(18)31559-9
10.3322/caac.21492
10.5826/dpc.0702a01
10.1046/j.1365-2133.2003.05023.x
10.1155/2013/323268
10.1016/j.media.2017.07.005
10.1038/nature21056
10.1016/j.jaad.2017.08.016
10.1093/annonc/mdy166
10.2196/11936
10.1016/j.compbiomed.2020.104065
10.1007/s40257-021-00662-z
10.1016/j.jid.2018.01.028
10.1061/AJRUA6.0001024
10.1109/TSMCC.2011.2161285
10.1145/2379776.2379786
10.1002/widm.1249
10.1111/bjd.16924
10.1016/j.ejca.2019.02.005
10.1109/TETCI.2022.3174868"
82,Hybrid morphological-convolutional neural networks for computer-aided diagnosis.,37795497,1,2023-10-05,"10.3389/frai.2023.1253183
10.1186/s12911-019-0842-8
10.1007/s12652-019-01386-z
10.1038/s41586-018-0579-z
10.1117/12.2654025
10.1016/j.media.2019.03.009
10.1007/s10278-013-9622-7
10.1007/s12652-020-02568-w
10.1002/ima.22494
10.1038/nature21056
10.1016/j.patcog.2020.107246
10.1016/j.ejca.2022.03.008
10.1016/j.compeleceng.2017.11.008
10.1109/IJCNN.2004.1380068
10.1016/j.compbiomed.2022.106277
10.1016/j.neucom.2020.06.006
10.1007/978-3-030-55258-9_5
10.1186/s12880-022-00793-7
10.1148/radiol.2019190613
10.1038/s41551-018-0324-9
10.1038/s41591-020-0931-3
10.1148/ryai.210315
10.1109/TNNLS.2018.2890334
10.1016/j.compbiomed.2020.104115
10.1056/NEJMoa1102873
10.1109/TKDE.2009.191
10.1148/ryai.2019180066
10.1148/radiol.2017171920
10.48550/arXiv.1912.01703
10.1007/s12065-020-00540-3
10.1016/j.artmed.2019.101758
10.1186/s40537-019-0197-0
10.1148/radiol.2018180547
10.3390/app11062751
10.1371/journal.pmed.1001779
10.1609/aaai.v31i1.11231
10.1016/j.neucom.2020.03.064
10.1016/S2213-2600(18)30286-8
10.1080/2150704X.2019.1649736
10.1148/radiol.2020192224
10.1007/s00138-019-01042-8
10.1016/j.future.2020.07.045"
83,Leveraging Machine Learning for Accurate Detection and Diagnosis of Melanoma and Nevi: An Interdisciplinary Study in Dermatology.,37750114,1,2023-09-26,10.7759/cureus.44120
84,Tumor-Infiltrating Lymphocyte Recognition in Primary Melanoma by Deep Learning Convolutional Neural Network.,37734590,1,2023-09-22,10.1016/j.ajpath.2023.08.013
85,Exploring and validating the prognostic value of pathomics signatures and genomics in patients with cutaneous melanoma based on bioinformatics and deep learning.,37722701,1,2023-09-19,10.1002/mp.16748
86,A 3-dimensional histology computer model of malignant melanoma and its implications for digital pathology.,37690178,1,2023-09-11,10.1016/j.ejca.2023.113294
87,Differentiation of lung and breast cancer brain metastases: Comparison of texture analysis and deep convolutional neural networks.,37688435,1,2023-09-09,10.1002/jcu.23558
88,Precision in Dermatology: Developing an Optimal Feature Selection Framework for Skin Lesion Classification.,37685386,1,2023-09-09,"10.3390/diagnostics13172848
10.1007/s00521-022-08084-6
10.1186/s13673-020-00216-y
10.1111/bjd.15510
10.3322/caac.21708
10.1001/archderm.141.8.1032
10.1046/j.1365-2230.2000.00693.x
10.1007/s00521-016-2571-6
10.1007/s13204-017-0633-4
10.1001/jamadermatol.2018.4378
10.1002/int.22691
10.1002/jemt.23220
10.1002/jemt.23301
10.1016/j.artmed.2019.101756
10.1016/j.compmedimag.2020.101843
10.1016/j.bspc.2020.102041
10.1016/j.patrec.2020.05.019
10.1016/j.patcog.2020.107502
10.1109/TBME.2019.2915839
10.1016/j.cmpb.2020.105568
10.1016/j.cmpb.2020.105351
10.3390/diagnostics13162635
10.1016/j.mex.2020.100864
10.1016/j.asoc.2020.106881
10.1016/j.bspc.2019.101581
10.1016/j.compbiomed.2019.103423
10.1016/j.eswa.2019.112961
10.1016/j.cmpb.2019.105038
10.1016/j.bspc.2021.102428
10.1016/j.eswa.2022.119162
10.1016/j.bspc.2023.105027
10.1016/j.aeue.2023.154723
10.32604/csse.2023.036985
10.3390/diagnostics13152501
10.1016/j.compmedimag.2018.05.004
10.1016/j.cmpb.2020.105475
10.1016/j.cmpb.2019.06.018
10.1016/j.compmedimag.2020.101765
10.1080/01431161.2021.1954261
10.1016/j.advengsoft.2013.12.007
10.1007/s00521-017-3272-5
10.3390/diagnostics11050811
10.3390/s20061753
10.1002/ima.22490
10.1016/j.eswa.2020.114204
10.1016/j.compeleceng.2020.106956
10.1007/s00521-016-2482-6"
89,Synergic prognostic value of 3D CT scan subcutaneous fat and muscle masses for immunotherapy-treated cancer.,37678919,1,2023-09-08,"10.1136/jitc-2023-007315
10.3322/caac.21660
10.1016/j.ctrv.2017.10.002
10.1016/S0140-6736(21)01206-X
10.1038/s41416-018-0294-4
10.1093/annonc/mdz167
10.1016/S1470-2045(16)30406-5
10.1007/s12149-021-01694-5
10.1038/s41571-021-00564-3
10.3389/fonc.2022.982790
10.1016/S1470-2045(18)30078-0
10.1007/s10637-017-0475-7
10.1186/s40425-019-0527-y
10.1080/2162402X.2019.1580128
10.3390/cancers13246355
10.1002/cncr.32576
10.1136/jitc-2020-000821
10.1016/j.diii.2020.04.011
10.1097/RCT.0000000000000652
10.1038/oby.2012.168
10.1038/sj.ijo.802229
10.1002/nbm.3286
10.1016/j.clnu.2021.06.025
10.1016/j.ejca.2022.10.013
10.1007/s10278-019-00178-3
10.1038/s41598-021-90187-6
10.3390/diagnostics13020205
10.1093/ageing/afq034
10.1002/jcsm.12755
10.1016/j.nut.2021.111345
10.1016/j.lungcan.2020.03.003
10.1016/j.clnesp.2021.02.017
10.3389/fonc.2022.986236
10.1002/mp.15821
10.1016/S1470-2045(08)70153-0
10.1093/jnci/djt310
10.1158/1055-9965.EPI-17-0200
10.1016/j.lungcan.2016.11.017
10.1136/jitc-2021-004374
10.1016/j.jtho.2021.04.020
10.1016/j.ajcnut.2023.07.001
10.1371/journal.pone.0169136
10.14740/wjon1289
10.1371/journal.pone.0277708
10.1056/NEJMoa1801946"
90,Saliency-Enhanced Content-Based Image Retrieval for Diagnosis Support in Dermatology Consultation: Reader Study.,37616039,1,2023-08-24,"10.2196/42129
10.1001/jamadermatol.2022.0160
10.1111/jdv.12886
10.1038/nature21056
10.1126/scitranslmed.abb3652
10.1038/s41598-021-84698-5
10.1038/s41598-021-84698-5
10.3389/fmed.2020.00233
10.1016/j.ejca.2022.02.025
10.1001/archdermatol.2011.181
10.1016/j.ijmedinf.2003.11.024)
10.1016/j.ijmedinf.2003.11.024
10.1016/j.patcog.2006.06.010)
10.1016/j.patcog.2006.06.010
10.1111/j.1600-0846.2007.00261.x
10.1007/978-3-642-11769-5_3
10.1111/bjd.17189
10.1109/icpr48806.2021.9412419
10.1111/srt.12822
10.1111/srt.12822
10.1038/s41591-020-0942-0
10.1007/978-3-030-59710-8_30
10.1038/s41598-022-25027-2
10.1016/j.media.2022.102551
10.1016/j.media.2022.102551
10.1109/isbi.2018.8363547
10.1038/sdata.2018.161
10.1038/sdata.2018.161
10.48550/arXiv.1706.03825
10.1016/j.cviu.2018.03.005
10.1016/j.cviu.2018.03.005
10.3390/info11020125
10.1109/iccv.2017.324"
91,Stochastic gradient descent optimisation for convolutional neural network for medical image segmentation.,37589001,1,2023-08-17,10.1515/biol-2022-0665
92,Differentiating between early melanomas and melanocytic nevi: A state-of-the-art review.,37573619,1,2023-08-14,10.1016/j.prp.2023.154734
93,Learning how to detect: A deep reinforcement learning method for whole-slide melanoma histopathology images.,37567046,1,2023-08-12,10.1016/j.compmedimag.2023.102275
94,Dermatologist versus artificial intelligence confidence in dermoscopy diagnosis: Complementary information that may affect decision-making.,37534916,1,2023-08-03,10.1111/exd.14892
95,Automated diagnosis of 7 canine skin tumors using machine learning on H&E-stained whole slide images.,37515411,1,2023-07-29,10.1177/03009858231189205
96,A comprehensive multi-domain dataset for mitotic figure detection.,37491536,1,2023-07-26,"10.1038/s41597-023-02327-4
10.1177/0300985821999831
10.1038/bjc.1957.43
10.1016/j.anndiagpath.2017.04.005
10.1038/modpathol.2012.58
10.1177/0300985813478210
10.1177/0300985810386469
10.1002/ijc.2910330108
10.1371/journal.pone.0161286
10.1038/modpathol.3800388
10.1177/03009858211067478
10.1177/0300985820980049
10.1177/0300985815593349
10.1002/(SICI)1097-0320(19970601)28:2<135::AID-CYTO6>3.0.CO;2-E
10.1016/j.media.2022.102699
10.4103/2153-3539.112693
10.1016/j.media.2014.11.010
10.1016/j.media.2019.02.012
10.1038/s41597-020-00756-z
10.1038/s41597-019-0290-4
10.1109/JBHI.2020.3032060
10.5281/zenodo.6362337
10.5281/zenodo.6547151
10.1136/jclinpath-2021-207742
10.1038/s41598-020-65958-2
10.5281/zenodo.4643381
10.3390/info11020108
10.6084/m9.figshare.c.6615571.v1
10.4103/2153-3539.119005"
97,Combining hyperspectral imaging techniques with deep learning to aid in early pathological diagnosis of melanoma.,37482369,1,2023-07-24,10.1016/j.pdpdt.2023.103708
98,Diagnostic performance of augmented intelligence with 2Dand 3Dtotal body photography and convolutional neural networks in a high-risk population for melanoma under real-world conditions: A new era of skin cancer screening?,37453242,1,2023-07-16,10.1016/j.ejca.2023.112954
99,Non-Melanoma Skin Cancer Detection in the Age of Advanced Technology: A Review.,37370703,1,2023-06-28,"10.3390/cancers15123094
10.1001/archdermatol.2010.4
10.1111/j.1365-2133.2012.10830.x
10.1038/s41581-022-00562-3
10.1038/s41591-018-0335-9
10.1186/s13073-021-00968-x
10.1038/nature14539
10.1177/2150132720980612
10.4103/0974-2077.94323
10.1097/DSS.0000000000001537
10.1016/j.hoc.2018.08.001
10.1111/j.1365-4632.2008.03556.x
10.1016/S0190-9622(96)80059-4
10.3390/ijerph20043071
10.1016/j.mayocp.2017.02.015
10.1016/j.jaad.2020.05.056
10.1016/j.cub.2019.02.034
10.3390/ijerph18105479
10.1038/s41591-020-0842-3
10.1038/nature21056
10.1001/jamanetworkopen.2019.13436
10.1016/j.ejca.2019.05.023
10.31661/jbpe.v0i0.2004-1107
10.1007/s11042-022-13847-3
10.3390/jimaging8070197
10.1007/s00403-021-02236-9
10.3390/biomedicines5040071
10.3389/fonc.2022.1022967
10.1016/j.media.2020.101915
10.47162/RJME.62.4.14
10.1016/j.jid.2020.07.034
10.1001/jamadermatol.2019.1735
10.1038/s41746-018-0040-6
10.1101/2022.12.07.22283216
10.1001/jamadermatol.2013.2382
10.1002/14651858.CD013192
10.1007/s00432-021-03809-x
10.1038/s41746-019-0106-0
10.1038/s41598-021-84698-5
10.1001/jamadermatol.2019.5014
10.1016/j.jaad.2021.06.884
10.1016/j.jaad.2021.10.010
10.5826/dpc.1001a11"
100,An Efficient Artificial Rabbits Optimization Based on Mutation Strategy For Skin Cancer Prediction.,37364532,1,2023-06-27,10.1016/j.compbiomed.2023.107154
101,Classification of clinical skin lesions with double-branch networks.,37358994,1,2023-06-26,"10.3389/fmed.2023.1114362
10.1016/j.fsc.2018.08.003
10.35541/cjd.20190660
10.3389/fmed.2021.626369
10.1007/s10489-021-02652-4
10.1016/j.tice.2021.101701
10.1109/CVPR.2017.243
10.3390/s22124399
10.1016/j.imu.2021.100819
10.1016/j.jid.2020.01.019
10.1109/CVPR.2016.90
10.1016/j.jid.2018.01.028
10.1016/j.chaos.2021.110714
10.1109/CVPR.2018.00474
10.3390/s21082852
10.1007/978-3-642-24797-2_4
10.1016/j.compmedimag.2020.101843
10.1007/978-3-030-32251-9_60
10.1007/978-3-030-87199-4_32
10.3390/s21196523
10.1016/j.media.2023.102802
10.1109/ACCESS.2021.3132958
10.1007/978-3-030-59725-2_31
10.1109/JBHI.2021.3062002
10.1016/j.dib.2020.106221
10.1609/aaai.v34i07.6916
10.1016/j.compeleceng.2020.106956
10.1016/j.ymeth.2021.02.013
10.1002/ima.22880
10.1007/s10472-022-09811-4
10.1016/j.cmpb.2022.107040"
102,Artificial intelligence for ocular oncology.,37326226,1,2023-06-16,10.1097/ICU.0000000000000982
103,A Multi-Stage Faster RCNN-Based iSPLInception for Skin Disease Classification Using Novel Optimization.,37322306,1,2023-06-16,"10.1007/s10278-023-00848-3
10.1016/j.artmed.2019.101756
10.1016/j.compbiomed.2019.103545
10.1016/j.asoc.2019.105725
10.1007/s10916-019-1400-8
10.1016/S2589-7500(22)00023-1
10.1016/j.ejca.2019.07.019
10.1007/s11042-020-09388-2
10.1007/s10916-019-1413-3
10.1016/j.gltp.2021.01.001
10.5120/5817-8129
10.1007/s00530-021-00787-5
10.1016/j.cell.2022.09.005
10.3390/app112210593
10.1016/j.engappai.2021.104190
10.1016/j.measurement.2021.109742
10.1007/s00521-022-07530-9
10.1109/ACCESS.2021.3078184
10.1016/j.mlwa.2021.100036
10.3390/s21082852"
104,Deep learning in computational dermatopathology of melanoma: A technical systematic literature review.,37315382,1,2023-06-15,10.1016/j.compbiomed.2023.107083
105,Progressive growing of Generative Adversarial Networks for improving data augmentation and skin cancer diagnosis.,37295899,1,2023-06-10,10.1016/j.artmed.2023.102556
106,Deep learning-based scoring of tumour-infiltrating lymphocytes is prognostic in primary melanoma and predictive to PD-1 checkpoint inhibition in melanoma metastases.,37295047,1,2023-06-10,"10.1016/j.ebiom.2023.104644
10.1016/j.jaad.2023.01.040
10.1158/1538-7445.SABCS19-PD5-03"
107,Deep learning detection of melanoma metastases in lymph nodes.,37257277,1,2023-06-01,10.1016/j.ejca.2023.04.023
108,Diagnosing Melanomas in Dermoscopy Images Using Deep Learning.,37238299,1,2023-05-27,"10.3390/diagnostics13101815
10.38094/jastt20189
10.1109/ACCESS.2019.2906241
10.1155/2021/5591614
10.3390/healthcare10071183
10.1117/1.JBO.26.4.043005
10.1016/j.compmedimag.2018.01.008
10.3390/healthcare10122481
10.18201/ijisae.2017534420
10.32604/cmc.2021.015503
10.1001/archderm.134.12.1563
10.1016/S0190-9622(87)70239-4
10.32604/iasc.2022.019117
10.1016/j.media.2017.07.005
10.1109/TMI.2021.3136682
10.1007/s10462-020-09865-y
10.1109/JTEHM.2017.2648797
10.1038/sdata.2018.161
10.1016/j.procs.2022.12.412
10.1007/s00521-022-07762-9
10.1016/j.ejca.2019.02.005
10.1007/s11042-023-14697-3
10.3390/healthcare11030415
10.1093/annonc/mdy166
10.1016/j.eswa.2022.119352
10.1016/j.advengsoft.2022.103361
10.1155/2022/7541583
10.1016/j.patrec.2020.12.015
10.1155/2020/2852865
10.1109/TPAMI.2007.56
10.31661/jbpe.v0i0.2004-1107
10.33969/AIS.2020.21006
10.3390/s21082852
10.3390/app112210593"
109,An Integrated Ensemble Network Model for Skin Abnormality Detection with Combined Textural Features.,37231287,1,2023-05-26,"10.1007/s10278-023-00837-6
10.1016/j.jaad.2006.09.003
10.1001/archderm.134.12.1563
10.2174/1573405614666180911120546
10.1016/j.eswa.2019.113127
10.1016/j.eswa.2019.112961
10.1109/ACCESS.2020.3003890
10.3390/jcm11175102
10.1016/j.compbiomed.2022.105939
10.1016/j.mex.2020.100864
10.1016/j.compbiomed.2023.106571
10.1016/j.artmed.2022.102299
10.1038/sdata.2018.161
10.1038/s41597-021-00815-z
10.1016/S0010-4825(97)00020-6
10.1109/TSMC.1973.4309314
10.4097/kjae.2013.64.5.402
10.3390/e22040484"
110,A novel approach toward skin cancer classification through fused deep features and neutrosophic environment.,37139387,1,2023-05-04,"10.3389/fpubh.2023.1123581
10.32113/wcrj_20194_1265
10.3389/frai.2022.884749
10.1186/s12885-015-1399-2
10.1007/s00432-021-03809-x
10.7759/cureus.29496
10.11591/ijai.v10.i1.pp84-92
10.1038/nature21056
10.1016/j.jbi.2018.08.006
10.1109/ACCESS.2020.3003890
10.1016/j.cmpb.2020.105351
10.1016/j.mlwa.2021.100024
10.1155/2021/6656770
10.1111/j.1600-0846.2007.00261.x
10.48550/arXiv.1901.10802
10.1109/TPAMI.2008.38
10.48550/arXiv.1911.07333
10.1016/S0019-9958(65)90241-X
10.1007/s00287-015-0927-4
10.5281/zenodo.7536039
10.1109/FUZZ-IEEE.6622412
10.54216/JNFS.050105
10.31181/dmame0311072022b
10.31181/oresta031022031b
10.2528/PIER13010105
10.1145/3065386"
111,MetaAttention model: a new approach for skin lesion diagnosis using AB features and attention mechanism.,37137289,1,2023-05-04,10.1088/2057-1976/acd1f0
112,An IoMT-Based Melanoma Lesion Segmentation Using Conditional Generative Adversarial Networks.,37050607,1,2023-04-14,"10.3390/s23073548
10.1016/j.future.2016.11.031
10.1155/2022/6805460
10.1109/ACCESS.2019.2960617
10.1109/ACCESS.2020.3006424
10.1016/j.bios.2021.113074
10.1038/nature21056
10.1515/med-2018-0002
10.1155/2013/323268
10.1016/j.jaad.2015.06.033
10.1109/TMI.2016.2642839
10.1016/j.ijmedinf.2019.01.005
10.1109/TITB.2011.2157829
10.1007/s10916-018-1088-1
10.1145/3422622
10.17485/ijst/2015/v8i22/79140
10.1109/JSTSP.2008.2011119
10.1016/j.cmpb.2020.105568
10.1166/jmihi.2017.2265
10.1109/JSTSP.2008.2011156
10.1111/j.1600-0846.2008.00301.x
10.1016/j.eswa.2022.118493
10.1109/ACCESS.2020.3035345
10.1016/j.eswa.2018.10.052
10.1155/2022/2801227
10.1109/ACCESS.2020.3047266
10.1117/1.JEI.31.6.061806
10.1007/s11042-020-09087-y
10.1016/j.ijmedinf.2018.06.003
10.1007/s10278-021-00552-0
10.1109/ACCESS.2020.3003890
10.1002/ett.3963
10.1016/j.cmpb.2019.07.005
10.1109/JBHI.2018.2825251
10.1088/1361-6560/ab86d3
10.1109/ACCESS.2021.3065701
10.1109/TMI.2017.2695227
10.1016/j.cmpb.2018.05.027
10.17632/bfmpbx432k.2
10.1109/TPAMI.2016.2636150
10.1145/3065386
10.1109/TIP.2020.2981922"
113,DSCC_Net: Multi-Classification Deep Learning Models for Diagnosing of Skin Cancer Using Dermoscopic Images.,37046840,1,2023-04-14,"10.3390/cancers15072179
10.1016/j.inffus.2020.09.006
10.1016/j.canep.2019.01.004
10.1001/jamadermatol.2015.1187
10.1590/S0365-05962013000100020
10.3389/fmed.2019.00180
10.1093/annonc/mdy166
10.4103/AZMJ.AZMJ_67_17
10.1046/j.1365-2133.2003.05023.x
10.1001/jamadermatol.2016.0624
10.1016/j.compmedimag.2007.01.003
10.1109/TITB.2009.2017529
10.1016/j.compmedimag.2008.08.003
10.1016/j.jocs.2018.11.008
10.1016/j.jocs.2018.12.003
10.1038/nature21056
10.33969/AIS.2020.21006
10.1101/860700
10.1016/j.neuri.2021.100034
10.1080/23311916.2022.2143040
10.3390/healthcare10101812
10.3390/informatics9040076
10.1155/2022/2399428
10.3390/asi6020032
10.1155/2021/5940433
10.1007/s00138-021-01221-6
10.1007/s12539-021-00417-8
10.3390/diagnostics12092115
10.1007/s11042-021-10952-7
10.1016/j.patrec.2020.12.015
10.3390/s22155652"
114,Melanoma Clinical Decision Support System: An Artificial Intelligence-Based Tool to Diagnose and Predict Disease Outcome in Early-Stage Melanoma Patients.,37046835,1,2023-04-14,"10.3390/cancers15072174
10.1056/NEJMoa1709684
10.3390/cancers13174494
10.1016/j.jid.2022.01.016
10.1245/s10434-018-6513-7
10.1016/j.ejca.2022.04.018
10.1093/jnci/djaa008
10.1038/s41568-019-0154-4
10.1016/j.jid.2021.12.024
10.1002/1878-0261.12732
10.3390/cancers12061451
10.1038/nature21056
10.1038/s41598-021-96707-8
10.1016/j.xjidi.2022.100150
10.1016/j.jaad.2020.05.053
10.1016/j.jid.2020.02.026
10.1016/S0140-6736(19)32726-6
10.1109/ICAdTE.2013.6524743
10.1109/ICCUBEA.2016.7860040
10.1007/978-0-387-39940-9_565
10.3322/caac.20074
10.1038/s41591-020-0842-3
10.1038/nature14539
10.21873/cgp.20325
10.3390/life12122004
10.3390/ijms23031299
10.1158/2159-8290.CD-21-1357
10.3390/genes12111751
10.2340/00015555-3832
10.1186/s12885-018-4016-3
10.1016/j.jaad.2018.01.030
10.1186/s12943-018-0928-4
10.1182/blood.V80.4.879.879
10.1046/j.1365-2249.1999.00861.x
10.1080/2162402X.2019.1593806
10.1084/jem.190.5.617
10.1158/0008-5472.CAN-17-0914
10.1016/j.cyto.2015.05.030
10.1038/emm.2016.64"
115,AI Techniques of Dermoscopy Image Analysis for the Early Detection of Skin Lesions Based on Combined CNN Features.,37046532,1,2023-04-14,"10.3390/diagnostics13071314
10.21608/mjcu.2022.272629
10.1097/IOP.0000000000001680
10.1007/978-3-030-46227-7_2
10.1371/JOURNAL.PGEN.1009302
10.32604/biocell.2021.015900
10.1016/j.jconrel.2022.06.027
10.1016/j.chaos.2021.110714
10.1111/jocd.14547
10.1016/J.COMPBIOMED.2021.104825
10.1007/978-3-030-91103-4_2
10.1049/cvi2.12048
10.1155/2021/6673852
10.1109/ACCESS.2020.2986916
10.1109/ACCESS.2020.2976045
10.1002/ima.22490
10.1016/j.compmedimag.2020.101843
10.1016/j.matpr.2020.07.366
10.1109/MAPR49794.2020.9237778
10.3390/app12052677
10.1007/s00607-021-00907-z
10.1007/s11517-021-02355-5
10.1109/ACCESS.2020.3003890
10.32604/cmc.2022.019529
10.3390/diagnostics12112625
10.3390/s22041629
10.3390/electronics11040530
10.3390/informatics9040099
10.3390/mca27020026
10.3390/ijgi11070402
10.18280/ts.390524
10.3390/app12147092
10.3390/s22155652
10.3390/electronics10222860
10.3390/ai3020029
10.3390/electronics11152460
10.3390/e24091303
10.3390/drones6100270
10.1155/2022/8330833
10.3390/diagnostics13030385"
116,An Improved Skin Lesion Boundary Estimation for Enhanced-Intensity Images Using Hybrid Metaheuristics.,37046503,1,2023-04-14,"10.3390/diagnostics13071285
10.3322/caac.21395
10.3322/caac.21660
10.5114/pdia.2013.33376
10.1007/s12652-018-1051-5
10.3233/jid-2016-0002
10.3390/diagnostics9030072
10.1016/j.engappai.2018.04.028
10.1007/s00521-022-08084-6
10.1109/JBHI.2018.2808970
10.1109/JBHI.2018.2839647
10.1049/iet-cvi.2018.5289
10.1155/2016/2082589
10.1007/s10916-019-1334-1
10.1016/j.procs.2015.04.209
10.1002/jemt.23220
10.1111/srt.12685
10.3390/sym12081224
10.9781/ijimai.2020.01.001
10.3390/diagnostics11081366
10.1109/ACCESS.2019.2943628
10.1109/TMI.2020.2972964
10.1109/ACCESS.2020.2974512
10.1016/j.asoc.2018.05.003
10.3390/diagnostics11050811
10.1016/j.eswa.2015.04.034
10.1093/jcde/qwad006
10.3390/diagnostics12020344
10.1155/2022/1709842
10.1109/ACCESS.2022.3187507
10.1016/j.cmpb.2019.06.018
10.1007/s12652-020-02537-3
10.1007/s11517-021-02355-5
10.1016/j.compbiomed.2022.106222
10.3390/diagnostics12112625
10.1016/j.asoc.2017.08.019
10.1016/j.procs.2016.07.230
10.1007/s10898-007-9149-x
10.1109/TMI.2020.3035253
10.1016/j.jcde.2015.06.003
10.1007/s00500-020-04812-z"
117,Computer-Aided Diagnosis and Analysis of Skin Cancer from Dermoscopic Images in India.,37038298,1,2023-04-12,10.2174/1573405620666230410092618
118,Skin Lesion Segmentation in Dermoscopic Images with Noisy Data.,37020149,1,2023-04-06,"10.1007/s10278-023-00819-8
10.3322/caac.21708
10.1038/jid.1993.63
10.1001/archderm.137.10.1361
10.1016/S0738-081X(02)00216-X
10.1145/3422622
10.1038/nature21056
10.1001/jama.2016.17216
10.4103/jpi.jpi_74_17
10.1016/j.media.2017.07.005
10.1016/J.JAAD.2015.07.028
10.1016/j.jaad.2017.08.016
10.1093/annonc/mdy166
10.1016/J.BSPC.2017.07.010
10.1109/JBHI.2018.2806962
10.1109/JBHI.2019.2891049
10.1111/srt.12685
10.1016/j.cmpb.2018.05.027
10.1016/j.compbiomed.2018.11.010
10.1109/JBHI.2017.2787487
10.1007/s10278-020-00343-z
10.3390/s20061601
10.1002/ima.22750
10.1109/JBHI.2018.2825251
10.1109/ACCESS.2019.2960504
10.1109/ACCESS.2022.3204280
10.1038/s41598-022-07885-y"
119,Stratified assessment of an FDA-cleared deep learning algorithm for automated detection and contouring of metastatic brain tumors in stereotactic radiosurgery.,37016416,1,2023-04-05,"10.1186/s13014-023-02246-z
10.12688/f1000research.15903.1
10.3389/fneur.2020.00270
10.1016/j.clon.2019.06.015
10.1016/j.ijrobp.2013.09.013
10.1371/journal.pone.0185844
10.1016/j.compbiomed.2018.02.004
10.1088/1361-6560/abca53
10.1088/0031-9155/61/24/8440
10.1186/s13014-020-01514-6
10.1002/jmri.26766
10.1088/1361-6560/ac4667
10.1002/mp.15136
10.1093/noajnl/vdab071.082
10.1093/neuonc/noab071
10.3171/2020.9.JNS201484
10.1016/j.ijrobp.2019.06.521
10.1038/s41598-021-98847-3
10.1097/RLI.0b013e3181c02ed5
10.3389/fonc.2020.00781
10.1093/neuonc/noaa030"
120,Recent Advances in Melanoma Diagnosis and Prognosis Using Machine Learning Methods.,37000340,1,2023-04-01,"10.1007/s11912-023-01407-3
10.1016/j.jaad.2020.05.056
10.1126/scitranslmed.abb3652
10.3390/cancers14153829
10.1002/tbio.202200002
10.3390/diagnostics12020436
10.3390/cancers13246210
10.1016/j.jaad.2022.08.028"
121,CT radiomics compared to a clinical model for predicting checkpoint inhibitor treatment outcomes in patients with advanced melanoma.,36996627,1,2023-03-31,10.1016/j.ejca.2023.02.017
122,Deep Learning Approach to Classify Cutaneous Melanoma in a Whole Slide Image.,36980793,1,2023-03-30,"10.3390/cancers15061907
10.3322/caac.21660
10.3322/caac.20074
10.1007/s11864-019-0607-8
10.1097/CMR.0000000000000375
10.1111/jdv.18453
10.1016/0190-9622(95)90294-5
10.1111/1346-8138.14737
10.1016/j.cps.2021.05.003
10.1046/j.1365-2559.2000.00894.x
10.1038/modpathol.3800516
10.1097/01.dad.0000158294.23630.ef
10.1046/j.1365-2559.2002.01318.x
10.1111/j.1365-2559.1991.tb01490.x
10.1097/00000478-198801000-00004
10.5858/2004-128-686-MMWARP
10.1097/00000372-199804000-00003
10.1093/ajcp/102.4.426
10.1002/1097-0142(19920615)69:12<2942::AID-CNCR2820691213>3.0.CO;2-0
10.1097/CMR.0000000000000571
10.7759/cureus.26127
10.1097/PAS.0000000000000948
10.1177/0192623315605933
10.1016/j.job.2022.03.003
10.1097/DAD.0000000000002232
10.1016/j.tice.2021.101659
10.1038/s41598-020-66333-x
10.1109/MCSE.2007.55
10.1111/his.14583
10.1016/j.clindermatol.2008.09.013
10.1016/S0344-0338(11)80402-4
10.1097/00000478-199903000-00005
10.1097/00000372-199606000-00009
10.1111/j.1365-2559.1985.tb02845.x
10.3109/00313028509063762
10.1038/modpathol.3880152"
123,Prediction of melanoma Breslow thickness using deep transfer learning algorithms.,36970775,1,2023-03-28,10.1093/ced/llad107
124,Observational study investigating the level of support from a convolutional neural network in face and scalp lesions deemed diagnostically 'unclear' by dermatologists.,36963352,1,2023-03-25,10.1016/j.ejca.2023.02.025
125,A call for implementing augmented intelligence in pediatric dermatology.,36951123,1,2023-03-24,10.1111/pde.15298
126,Investigation of radiomics and deep convolutional neural networks approaches for glioma grading.,36898146,1,2023-03-11,10.1088/2057-1976/acc33a
127,Detection and diagnosis of melanoma skin cancers in dermoscopic images using pipelined internal module architecture (PIMA) method.,36860140,1,2023-03-03,10.1002/jemt.24307
128,"Multimodal integration of image, epigenetic and clinical data to predict BRAF mutation status in melanoma.",36854237,1,2023-03-01,10.1016/j.ejca.2023.01.021
129,Limited commercialization of artificial intelligence technology in the diagnosis of pigmented lesions despite explosive growth in published programs.,36841335,1,2023-02-26,10.1016/j.jaad.2023.02.020
130,Improving Automatic Melanoma Diagnosis Using Deep Learning-Based Segmentation of Irregular Networks.,36831599,1,2023-02-26,"10.3390/cancers15041259
10.3322/caac.21708
10.3322/caac.21763
10.1001/jamanetworkopen.2021.4708
10.1038/nature21056
10.1093/annonc/mdz015
10.1038/sdata.2018.161
10.1016/S1470-2045(19)30333-X
10.3390/ijerph18105479
10.3390/a15110438
10.3389/fonc.2022.893972
10.3390/electronics11091294
10.1016/j.iswa.2022.200126
10.1016/j.compmedimag.2010.09.005
10.1111/j.1600-0846.2005.00117.x
10.1067/mjd.2003.281
10.1016/j.jaad.2015.12.038
10.7556/jaoa.2019.067
10.5826/dpc.1203a134
10.1016/j.jaad.2015.02.1117
10.1016/j.ad.2014.01.008
10.1111/j.1600-0846.2009.00402.x
10.1007/s10278-022-00740-6
10.1111/j.1600-0846.2010.00494.x
10.1109/ACCESS.2020.3025372
10.1023/A:1007652114878
10.1016/S0893-6080(05)80023-1
10.1613/jair.594
10.1023/A:1010933404324
10.1016/j.ijhcs.2022.102922
10.1016/j.artmed.2022.102285
10.1016/j.media.2021.102305"
131,Melanoma classification from dermatoscopy images using knowledge distillation for highly imbalanced data.,36709518,1,2023-01-30,10.1016/j.compbiomed.2023.106571
132,Multiclass skin lesion localization and classification using deep learning based features fusion and selection framework for smart healthcare.,36701878,1,2023-01-27,10.1016/j.neunet.2023.01.022
133,Skin Cancer Classification Using Deep Spiking Neural Network.,36690775,1,2023-01-24,"10.1007/s10278-023-00776-2
10.1016/j.compbiomed.2017.03.025
10.1016/j.artmed.2012.08.002
10.1007/s11042-018-5714-1
10.1109/ACCESS.2019.2906241
10.1109/ACCESS.2020.2998098
10.3389/fnins.2019.00095
10.1016/j.neucom.2017.04.003
10.3390/s151127894
10.1016/j.neucom.2013.09.049
10.3233/ICA-2007-14301
10.3390/s21093240
10.3389/fnins.2017.00682
10.1162/neco_a_01086"
134,Skin Lesion Analysis and Cancer Detection Based on Machine/Deep Learning Techniques: A Comprehensive Survey.,36676093,1,2023-01-22,"10.3390/life13010146
10.1016/j.soncn.2013.06.002
10.1007/s13721-019-0209-1
10.1016/j.artmed.2019.101756
10.1111/exsy.12497
10.1109/TMI.2016.2642839
10.1155/2017/2606271
10.1016/j.ijrobp.2009.05.067
10.3390/ijms140612222
10.1088/1757-899X/1076/1/012045
10.5958/0974-360X.2019.00435.9
10.9790/9622-0706055964
10.3126/njst.v15i2.12128
10.1007/s11517-021-02473-0
10.1007/s12652-020-02537-3
10.1109/JBHI.2018.2808970
10.1016/j.ijmedinf.2019.01.005
10.22266/ijies2017.0630.50
10.1016/j.eswa.2019.113129
10.14569/IJACSA.2019.0100746
10.3126/njst.v15i1.12016
10.1007/s11042-018-6927-z
10.9781/ijimai.2017.458
10.1007/s10916-019-1400-8
10.53799/ajse.v20i2.140
10.1109/JBHI.2017.2653179
10.1016/j.compeleceng.2022.108318
10.1371/journal.pone.0269826
10.1007/s11042-021-11000-0
10.1145/3430806
10.21307/ijssis-2017-710
10.1155/2018/1524286
10.3390/diagnostics11081366
10.1007/s13735-022-00240-x
10.2174/157340561101150423103441
10.1002/jemt.23220
10.1109/ACCESS.2020.3009276
10.1007/s12559-022-10038-y
10.1155/2021/5562801
10.1007/s11042-020-10064-8
10.1016/j.asoc.2019.105931
10.1016/j.matpr.2020.08.388
10.1155/2020/5345923
10.1007/s11042-020-09792-8
10.1016/j.jksuci.2021.12.018
10.1186/s12880-022-00829-y
10.1016/j.bspc.2021.102533
10.1007/s12559-020-09805-6
10.1109/TMI.2020.3027341
10.1007/s10278-020-00343-z
10.1016/j.compbiomed.2020.103762
10.1007/s11042-020-09334-2
10.1016/j.patrec.2020.12.015
10.3390/diagnostics9030072
10.1109/ACCESS.2019.2960504
10.1109/JBHI.2018.2859898
10.3390/s22030799
10.1016/j.patrec.2019.11.034
10.1007/s00521-019-04514-0
10.3390/diagnostics11050811
10.1002/jemt.23301
10.1007/s00521-021-06490-w
10.1049/ipr2.12194
10.14257/ijmue.2017.12.5.02
10.1016/j.eswa.2017.08.010
10.1155/2022/4942637
10.1007/s11042-020-10056-8
10.1016/j.cegh.2019.11.003
10.1007/s00521-020-05212-y
10.1186/s12885-018-4465-8
10.1002/jemt.23009
10.1109/JBHI.2021.3067789
10.1007/s12652-018-1051-5
10.1016/j.compeleceng.2020.106956
10.1088/1757-899X/1065/1/012039
10.1007/s12652-020-02675-8
10.1016/j.measurement.2020.107922
10.1007/s11042-021-10858-4
10.1016/j.ymeth.2021.02.013
10.1002/int.22691
10.1007/s00530-021-00787-5
10.1007/s12652-021-03062-7
10.1007/s11042-021-10952-7
10.1007/s00521-021-05929-4
10.1016/j.patrec.2019.11.042
10.1007/s11042-020-09388-2
10.1109/ACCESS.2020.3003890
10.1016/j.patcog.2020.107502
10.1109/ACCESS.2019.2906241
10.1109/TMI.2019.2893944
10.1038/sdata.2018.161
10.1371/journal.pone.0217293
10.18201/ijisae.2017534420
10.1109/TBME.2017.2712771
10.1038/s41597-021-00815-z
10.1038/sdata.2017.5
10.2196/13376
10.1111/ajd.12599
10.2196/11936"
135,A Novel Multi-Task Learning Network Based on Melanoma Segmentation and Classification with Skin Lesion Images.,36673072,1,2023-01-22,"10.3390/diagnostics13020262
10.1002/14651858.cd013186
10.1109/TBME.2017.2712771
10.1016/j.asoc.2019.105834
10.1016/j.apacoust.2020.107346
10.1109/TMI.2017.2695227
10.18201/ijisae.2021.236
10.1016/j.ins.2022.01.062
10.11591/ijece.v11i6.pp5530-5540
10.18280/ts.380503
10.4015/S1016237219500078
10.11591/ijece.v11i5.pp4037-4049
10.1097/JCE.0000000000000359
10.1038/s41598-022-18293-7
10.3390/app11041573
10.1016/j.tice.2021.101701
10.1016/j.eswa.2022.119352
10.3906/elk-2101-133
10.4028/www.scientific.net/JBBBE.42.67
10.1016/j.patrec.2019.11.034
10.1101/860700
10.1016/j.eswa.2022.119064
10.1016/j.patcog.2021.107994
10.3390/app11104528
10.1109/gtsd50082.2020.9303084
10.18287/2412-6179-CO-748
10.1007/978-981-13-7564-4_32
10.3390/s20061601
10.3390/diagnostics11030501
10.1016/j.compeleceng.2020.106956
10.1109/ACCESS.2019.2960504
10.1016/j.compbiomed.2020.103762
10.1016/j.eswa.2020.113742
10.1007/s10489-021-02652-4
10.1016/j.media.2021.102327
10.3389/fbioe.2021.758495
10.1186/s12880-020-00534-8
10.1016/j.compeleceng.2022.108318
10.1002/ima.22377
10.3390/electronics10070867
10.1109/ACCESS.2022.3150358
10.1080/03091902.2021.1896814
10.1016/j.compag.2021.106152
10.1007/s12652-021-03247-0
10.31590/ejosat.963609
10.1016/j.eswa.2022.117612
10.35377/saucis.04.01.891308
10.1016/j.eswa.2021.114838
10.1080/07391102.2020.1788642
10.1109/iscas.2018.8351550
10.1016/j.compbiomed.2020.104118
10.1609/aaai.v30i1.10171
10.1145/2986035.2986039
10.1007/978-981-15-0035-0_20
10.1080/24751839.2021.1893495
10.1016/j.procs.2021.12.132
10.3390/diagnostics12092115
10.3390/s21082852
10.1007/s12652-020-02675-8
10.32604/cmc.2022.018917
10.1016/j.jestch.2022.101174
10.1016/j.asoc.2020.106881
10.1016/j.media.2020.101716
10.3390/diagnostics11050811
10.1109/JBHI.2021.3067789"
136,Agreement Between Experts and an Untrained Crowd for Identifying Dermoscopic Features Using a Gamified App: Reader Feasibility Study.,36652282,1,2023-01-19,"10.2196/38412
10.1016/j.jaad.2014.03.048
10.1002/14651858.CD011902.pub2
10.1109/JBHI.2019.2895803
10.1046/j.1365-2133.2003.05023.x
10.1016/s0190-9622(94)70061-3
10.1001/archderm.134.12.1563
10.1001/archderm.144.4.554
10.1016/j.jaad.2015.12.038
10.1001/jamadermatol.2016.0624
10.1038/nature21056
10.1080/09546634.2019.1682500
10.1155/2018/5049390
10.1155/2018/5049390
10.1007/s10916-017-0885-2
10.1109/isbi.2016.7493284
10.1016/j.compbiomed.2013.11.002
10.1016/j.compmedimag.2004.04.002
10.1111/srt.13150
10.1016/j.compmedimag.2008.08.003
10.1126/science.abg1834
10.1016/j.clindermatol.2018.06.003
10.1001/jama.2019.15064
10.12788/j.sder.2019.013
10.1038/s41597-021-00815-z
10.1038/s41597-021-00815-z
10.1109/isbi.2018.8363547
10.1117/1.JMI.5.3.034002
10.1016/j.jaad.2017.08.053
10.1038/s41746-021-00520-6
10.1038/s41746-021-00520-6
10.1177/0165551512437638
10.1016/j.jbi.2017.04.003
10.1186/s40249-020-0622-9
10.1186/s40249-020-0622-9
10.15346/hc.v7i1.1
10.1109/cvpr.2009.5206848
10.1117/12.2212310
10.1016/j.ijhcs.2017.04.005
10.1016/j.canep.2013.09.004
10.1111/srt.12688
10.2307/2529310
10.1016/j.neuron.2014.12.015
10.1067/mjd.2003.281
10.5826/dpc.0702a03
10.1111/j.1365-2133.2007.08145.x
10.1001/archderm.140.12.1485
10.1016/j.media.2012.04.007
10.1093/ptj/85.3.257
10.1016/j.ebiom.2015.05.009
10.1109/TMI.2016.2528120
10.3390/app10114014
10.3389/fmed.2019.00191"
137,Intra-class consistency and inter-class discrimination feature learning for automatic skin lesion classification.,36638748,1,2023-01-14,10.1016/j.media.2023.102746
138,Skin cancer image recognition based on similarity clustering and attention transfer.,36617768,1,2023-01-10,10.3233/XST-221333
139,Biophysical informatics reveals distinctive phenotypic signatures and functional diversity of single-cell lineages.,36610710,1,2023-01-08,10.1093/bioinformatics/btac833
140,Direct Gene Expression Profile Prediction for Uveal Melanoma from Digital Cytopathology Images via Deep Learning and Salient Image Region Identification.,36561353,1,2022-12-24,10.1016/j.xops.2022.100240
141,Multi-site cross-organ calibrated deep learning (MuSClD): Automated diagnosis of non-melanoma skin cancer.,36516556,1,2022-12-15,"10.1016/j.media.2022.102702
10.1016/j.media.2021.102004
10.1109/qomex.2016.7498955
10.1109/CloudTech.2018.8713350
10.48550/ARXIV.1812.06499
10.1109/TSMC.1973.4309314
10.1109/CVPR.2016.266
10.1007/978-3-319-46475-6_43
10.1145/2382577.2382579
10.1109/ISBI.2009.5193250
10.1016/S0016-0032(96)00063-4
10.1111/cup.12498
10.1109/38.946629
10.1109/isbi.2019.8759152
10.1038/s41597-022-01618-6
10.1001/jamadermatol.2018.4219
10.1001/jamadermatol.2019.2335
10.1109/JBHI.2020.3046094
10.1109/cvpr.2017.634
10.48550/ARXIV.2009.02831
10.1109/wifs47025.2019.9035107
10.1109/iccv.2017.244"
142,Performance of Automated Classification of Diagnostic Entities in Dermatopathology Validated on Multisite Data Representing the Real-World Variability of Pathology Workload.,36479978,1,2022-12-09,10.5858/arpa.2021-0550-OA
143,SSD-KD: A self-supervised diverse knowledge distillation method for lightweight skin lesion classification using dermoscopic images.,36462373,1,2022-12-04,10.1016/j.media.2022.102693
144,ChimeraNet: U-Net for Hair Detection in Dermoscopic Skin Lesion Images.,36385676,1,2022-11-18,"10.1007/s10278-022-00740-6
10.3322/caac.21654
10.1001/jamadermatol.2015.1187
10.1038/nature21056
10.1016/J.JAAD.2015.07.028
10.1038/jid.1993.63
10.1001/archderm.137.10.1361
10.1016/S0738-081X(02)00216-X
10.1016/j.jaad.2017.08.016
10.1093/annonc/mdy166
10.1016/J.BSPC.2017.07.010
10.1109/JBHI.2018.2806962
10.1109/JBHI.2019.2891049
10.1016/j.compbiomed.2017.08.020
10.1016/j.compbiomed.2015.01.023
10.1016/S0010-4825(97)00020-6
10.1111/srt.12015
10.1109/JTEHM.2015.2419612
10.1016/j.cmpb.2019.05.010
10.1029/2001GL014412
10.1038/sdata.2018.161"
145,Starting a minimally invasive inguinal lymphadenectomy program: Initial learning experience and outcomes.,36379745,1,2022-11-16,10.1016/j.surg.2022.07.052
146,Raman spectroscopy combined with deep learning for rapid detection of melanoma at the single cell level.,36323090,1,2022-11-03,10.1016/j.saa.2022.122029
147,"Real-time, invivo skin cancer triage by laser-induced plasma spectroscopy combined with a deep learning-based diagnostic algorithm.",35752277,1,2022-06-26,10.1016/j.jaad.2022.06.1166
